table,z,old_width,old_height,new_width,new_height
stage_bush0_geometry,0,114,61,114,61
stage_bush0_geometry,1,112,60,111,59
stage_bush0_geometry,2,109,58,107,57
stage_bush0_geometry,3,104,56,104,55
stage_bush0_geometry,4,98,54,100,54
stage_bush0_geometry,5,94,51,97,52
stage_bush0_geometry,6,90,49,93,50
stage_bush0_geometry,7,88,47,90,48
stage_bush0_geometry,8,85,45,86,46
stage_bush0_geometry,9,83,44,83,44
stage_bush0_geometry,10,80,43,80,43
stage_bush0_geometry,11,78,42,77,41
stage_bush0_geometry,12,75,40,75,40
stage_bush0_geometry,13,73,39,73,39
stage_bush0_geometry,14,70,38,71,38
stage_bush0_geometry,15,68,37,68,37
stage_bush0_geometry,16,66,35,66,36
stage_bush0_geometry,17,64,34,65,35
stage_bush0_geometry,18,62,33,63,34
stage_bush0_geometry,19,60,32,61,33
stage_bush0_geometry,20,58,31,59,32
stage_bush0_geometry,21,57,31,58,31
stage_bush0_geometry,22,55,30,56,30
stage_bush0_geometry,23,54,30,55,30
stage_bush0_geometry,24,53,29,53,29
stage_bush0_geometry,25,52,28,52,28
stage_bush0_geometry,26,50,27,50,28
stage_bush0_geometry,27,48,26,49,27
stage_bush0_geometry,28,46,25,47,26
stage_bush0_geometry,29,45,25,46,26
stage_bush0_geometry,30,44,24,45,25
stage_bush0_geometry,31,44,24,44,25
stage_bush0_geometry,32,43,24,42,24
stage_bush0_geometry,33,42,23,41,24
stage_bush0_geometry,34,40,22,40,23
stage_bush0_geometry,35,39,22,39,23
stage_bush0_geometry,36,38,22,38,22
stage_bush0_geometry,37,38,21,37,21
stage_bush0_geometry,38,37,20,36,21
stage_bush0_geometry,39,36,20,35,20
stage_bush0_geometry,40,35,20,34,20
stage_bush0_geometry,41,35,19,33,19
stage_bush0_geometry,42,34,18,33,19
stage_bush0_geometry,43,34,18,32,18
stage_bush0_geometry,44,33,18,31,18
stage_bush0_geometry,45,32,17,30,17
stage_bush0_geometry,46,30,16,29,17
stage_bush0_geometry,47,29,16,29,16
stage_bush0_geometry,48,28,16,28,16
stage_bush0_geometry,49,28,15,27,16
stage_bush0_geometry,50,28,15,27,15
stage_bush0_geometry,51,28,15,26,15
stage_bush0_geometry,52,27,15,25,15
stage_bush0_geometry,53,26,15,25,15
stage_bush0_geometry,54,24,15,24,14
stage_bush0_geometry,55,23,14,24,14
stage_bush0_geometry,56,22,13,23,14
stage_bush0_geometry,57,22,13,23,14
stage_bush0_geometry,58,22,13,22,14
stage_bush0_geometry,59,22,13,22,13
stage_bush0_geometry,60,21,13,21,13
stage_bush0_geometry,61,20,13,20,13
stage_bush0_geometry,62,19,13,20,12
stage_bush0_geometry,63,19,12,19,12
stage_bush0_geometry,64,18,11,19,12
stage_bush0_geometry,65,18,11,18,11
stage_bush0_geometry,66,18,11,18,11
stage_bush0_geometry,67,18,11,17,11
stage_bush0_geometry,68,18,11,17,10
stage_bush0_geometry,69,18,11,16,10
stage_bush0_geometry,70,17,11,16,10
stage_bush0_geometry,71,16,10,15,9
stage_bush0_geometry,72,15,9,15,9
stage_bush0_geometry,73,15,9,15,9
stage_bush0_geometry,74,14,9,14,9
stage_bush0_geometry,75,14,9,14,8
stage_bush0_geometry,76,14,9,14,8
stage_bush0_geometry,77,14,9,13,8
stage_bush0_geometry,78,14,9,13,8
stage_bush0_geometry,79,14,9,13,8
stage_bush0_geometry,80,14,9,13,7
stage_bush0_geometry,81,14,8,12,7
stage_bush0_geometry,82,14,7,12,7
stage_bush0_geometry,83,14,7,12,7
stage_bush0_geometry,84,13,7,12,7
stage_bush0_geometry,85,12,7,11,7
stage_bush0_geometry,86,10,7,11,6
stage_bush0_geometry,87,9,7,11,6
stage_bush0_geometry,88,8,7,11,6
stage_bush0_geometry,89,8,7,10,6
stage_bush0_geometry,90,8,7,10,6
stage_bush0_geometry,91,8,7,10,6
stage_bush0_geometry,92,8,7,10,6
stage_bush0_geometry,93,8,6,10,5
stage_bush0_geometry,94,8,5,9,5
stage_bush0_geometry,95,8,5,9,5
stage_bush0_geometry,96,8,5,9,5
stage_bush0_geometry,97,8,5,9,5
stage_bush0_geometry,98,8,5,9,5
stage_bush0_geometry,99,8,5,8,5
stage_bush0_geometry,100,7,5,8,4
stage_bush0_geometry,101,7,4,8,4
stage_bush0_geometry,102,6,3,8,4
stage_bush0_geometry,103,6,3,8,4
stage_bush0_geometry,104,6,3,7,4
stage_bush0_geometry,105,6,3,7,4
stage_bush0_geometry,106,6,3,7,4
stage_bush0_geometry,107,6,3,7,3
stage_bush0_geometry,108,6,3,6,3
stage_bush0_geometry,109,6,3,6,3
stage_bush0_geometry,110,6,3,6,3
stage_bush1_geometry,0,136,63,136,63
stage_bush1_geometry,1,133,62,132,61
stage_bush1_geometry,2,130,60,128,59
stage_bush1_geometry,3,124,58,124,57
stage_bush1_geometry,4,117,56,119,55
stage_bush1_geometry,5,112,53,115,53
stage_bush1_geometry,6,107,51,111,51
stage_bush1_geometry,7,104,48,107,49
stage_bush1_geometry,8,100,46,103,47
stage_bush1_geometry,9,97,45,99,45
stage_bush1_geometry,10,94,43,95,44
stage_bush1_geometry,11,92,42,92,42
stage_bush1_geometry,12,89,41,89,41
stage_bush1_geometry,13,87,40,86,40
stage_bush1_geometry,14,84,39,84,39
stage_bush1_geometry,15,82,38,81,38
stage_bush1_geometry,16,79,36,79,37
stage_bush1_geometry,17,77,35,77,36
stage_bush1_geometry,18,74,34,75,35
stage_bush1_geometry,19,72,33,73,34
stage_bush1_geometry,20,70,32,71,33
stage_bush1_geometry,21,69,32,69,32
stage_bush1_geometry,22,67,31,68,32
stage_bush1_geometry,23,66,31,66,31
stage_bush1_geometry,24,64,30,64,30
stage_bush1_geometry,25,62,29,62,29
stage_bush1_geometry,26,60,28,61,28
stage_bush1_geometry,27,58,27,59,28
stage_bush1_geometry,28,55,26,57,27
stage_bush1_geometry,29,54,25,56,26
stage_bush1_geometry,30,52,24,54,26
stage_bush1_geometry,31,52,24,53,25
stage_bush1_geometry,32,51,24,51,24
stage_bush1_geometry,33,50,23,50,24
stage_bush1_geometry,34,48,22,49,23
stage_bush1_geometry,35,47,22,47,23
stage_bush1_geometry,36,46,22,46,22
stage_bush1_geometry,37,46,21,45,21
stage_bush1_geometry,38,45,21,44,21
stage_bush1_geometry,39,44,21,43,21
stage_bush1_geometry,40,42,21,41,20
stage_bush1_geometry,41,41,20,40,20
stage_bush1_geometry,42,40,19,39,19
stage_bush1_geometry,43,40,19,38,19
stage_bush1_geometry,44,39,19,37,18
stage_bush1_geometry,45,38,18,36,18
stage_bush1_geometry,46,36,17,36,18
stage_bush1_geometry,47,35,17,35,17
stage_bush1_geometry,48,34,17,34,17
stage_bush1_geometry,49,34,16,33,17
stage_bush1_geometry,50,34,15,33,16
stage_bush1_geometry,51,34,15,32,16
stage_bush1_geometry,52,33,15,31,16
stage_bush1_geometry,53,32,15,31,15
stage_bush1_geometry,54,30,15,30,15
stage_bush1_geometry,55,29,14,30,15
stage_bush1_geometry,56,28,13,29,14
stage_bush1_geometry,57,28,13,29,14
stage_bush1_geometry,58,28,13,28,14
stage_bush1_geometry,59,28,13,28,13
stage_bush1_geometry,60,27,13,27,13
stage_bush1_geometry,61,26,13,26,13
stage_bush1_geometry,62,24,13,26,12
stage_bush1_geometry,63,23,12,25,12
stage_bush1_geometry,64,22,11,24,12
stage_bush1_geometry,65,22,11,23,11
stage_bush1_geometry,66,22,11,22,11
stage_bush1_geometry,67,22,11,21,10
stage_bush1_geometry,68,22,11,21,10
stage_bush1_geometry,69,22,11,20,10
stage_bush1_geometry,70,21,11,19,10
stage_bush1_geometry,71,20,10,19,9
stage_bush1_geometry,72,18,9,18,9
stage_bush1_geometry,73,17,9,18,9
stage_bush1_geometry,74,16,9,17,9
stage_bush1_geometry,75,16,9,17,8
stage_bush1_geometry,76,16,9,16,8
stage_bush1_geometry,77,16,9,16,8
stage_bush1_geometry,78,16,9,15,8
stage_bush1_geometry,79,16,9,15,8
stage_bush1_geometry,80,16,9,15,7
stage_bush1_geometry,81,16,8,14,7
stage_bush1_geometry,82,16,7,14,7
stage_bush1_geometry,83,16,7,14,7
stage_bush1_geometry,84,15,7,13,7
stage_bush1_geometry,85,14,7,13,7
stage_bush1_geometry,86,12,7,13,6
stage_bush1_geometry,87,11,7,12,6
stage_bush1_geometry,88,10,7,12,6
stage_bush1_geometry,89,10,7,12,6
stage_bush1_geometry,90,10,7,12,6
stage_bush1_geometry,91,10,7,11,6
stage_bush1_geometry,92,10,7,11,6
stage_bush1_geometry,93,10,6,11,5
stage_bush1_geometry,94,10,5,10,5
stage_bush1_geometry,95,10,5,10,5
stage_bush1_geometry,96,10,5,10,5
stage_bush1_geometry,97,10,5,10,5
stage_bush1_geometry,98,9,5,9,5
stage_bush1_geometry,99,8,5,9,5
stage_bush1_geometry,100,7,5,9,4
stage_bush1_geometry,101,7,4,9,4
stage_bush1_geometry,102,6,3,8,4
stage_bush1_geometry,103,6,3,8,4
stage_bush1_geometry,104,6,3,8,4
stage_bush1_geometry,105,6,3,7,4
stage_bush1_geometry,106,6,3,7,4
stage_bush1_geometry,107,6,3,7,3
stage_bush1_geometry,108,6,3,7,3
stage_bush1_geometry,109,6,3,6,3
stage_bush1_geometry,110,6,3,6,3
stage_flystone_geometry,0,80,59,80,59
stage_flystone_geometry,1,78,58,78,57
stage_flystone_geometry,2,76,56,75,56
stage_flystone_geometry,3,72,54,73,54
stage_flystone_geometry,4,68,51,70,52
stage_flystone_geometry,5,65,49,68,51
stage_flystone_geometry,6,62,47,66,49
stage_flystone_geometry,7,60,46,63,47
stage_flystone_geometry,8,58,44,61,46
stage_flystone_geometry,9,57,43,59,44
stage_flystone_geometry,10,55,41,57,43
stage_flystone_geometry,11,54,41,55,41
stage_flystone_geometry,12,53,40,53,40
stage_flystone_geometry,13,52,39,51,39
stage_flystone_geometry,14,50,38,50,38
stage_flystone_geometry,15,48,37,48,36
stage_flystone_geometry,16,46,35,47,35
stage_flystone_geometry,17,45,34,45,34
stage_flystone_geometry,18,43,32,44,33
stage_flystone_geometry,19,42,32,43,32
stage_flystone_geometry,20,41,31,41,31
stage_flystone_geometry,21,40,30,40,30
stage_flystone_geometry,22,39,29,39,30
stage_flystone_geometry,23,38,29,38,29
stage_flystone_geometry,24,37,28,37,28
stage_flystone_geometry,25,36,27,36,27
stage_flystone_geometry,26,35,26,35,27
stage_flystone_geometry,27,34,26,34,26
stage_flystone_geometry,28,33,25,34,25
stage_flystone_geometry,29,33,25,33,25
stage_flystone_geometry,30,32,24,32,24
stage_flystone_geometry,31,32,24,31,24
stage_flystone_geometry,32,31,23,31,23
stage_flystone_geometry,33,30,23,30,23
stage_flystone_geometry,34,29,22,29,22
stage_flystone_geometry,35,29,22,29,22
stage_flystone_geometry,36,28,21,28,21
stage_flystone_geometry,37,28,21,27,20
stage_flystone_geometry,38,27,20,27,20
stage_flystone_geometry,39,26,20,26,19
stage_flystone_geometry,40,25,19,25,19
stage_flystone_geometry,41,25,19,24,18
stage_flystone_geometry,42,24,18,24,18
stage_flystone_geometry,43,24,18,23,17
stage_flystone_geometry,44,23,17,22,17
stage_flystone_geometry,45,22,17,22,16
stage_flystone_geometry,46,21,16,21,16
stage_flystone_geometry,47,21,16,21,15
stage_flystone_geometry,48,20,15,20,15
stage_flystone_geometry,49,20,15,19,15
stage_flystone_geometry,50,20,15,19,14
stage_flystone_geometry,51,20,15,19,14
stage_flystone_geometry,52,19,14,18,14
stage_flystone_geometry,53,18,14,18,13
stage_flystone_geometry,54,17,13,17,13
stage_flystone_geometry,55,17,13,17,13
stage_flystone_geometry,56,16,12,16,12
stage_flystone_geometry,57,16,12,16,12
stage_flystone_geometry,58,16,12,16,12
stage_flystone_geometry,59,16,12,15,11
stage_flystone_geometry,60,15,11,15,11
stage_flystone_geometry,61,14,11,15,11
stage_flystone_geometry,62,13,10,14,10
stage_flystone_geometry,63,13,10,14,10
stage_flystone_geometry,64,12,9,14,10
stage_flystone_geometry,65,12,9,13,10
stage_flystone_geometry,66,12,9,13,9
stage_flystone_geometry,67,12,9,12,9
stage_flystone_geometry,68,12,9,12,9
stage_flystone_geometry,69,12,9,12,9
stage_flystone_geometry,70,12,9,12,8
stage_flystone_geometry,71,12,9,11,8
stage_flystone_geometry,72,11,8,11,8
stage_flystone_geometry,73,11,8,11,8
stage_flystone_geometry,74,10,7,11,8
stage_flystone_geometry,75,10,7,10,7
stage_flystone_geometry,76,10,7,10,7
stage_flystone_geometry,77,10,7,10,7
stage_flystone_geometry,78,10,7,10,7
stage_flystone_geometry,79,10,7,9,7
stage_flystone_geometry,80,10,7,9,7
stage_flystone_geometry,81,10,7,9,7
stage_flystone_geometry,82,10,7,9,6
stage_flystone_geometry,83,10,7,9,6
stage_flystone_geometry,84,9,6,8,6
stage_flystone_geometry,85,8,6,8,6
stage_flystone_geometry,86,7,5,8,6
stage_flystone_geometry,87,7,5,8,6
stage_flystone_geometry,88,6,4,8,6
stage_flystone_geometry,89,6,4,8,6
stage_flystone_geometry,90,6,4,7,5
stage_flystone_geometry,91,6,4,7,5
stage_flystone_geometry,92,6,4,7,5
stage_flystone_geometry,93,6,4,7,5
stage_flystone_geometry,94,6,4,7,5
stage_flystone_geometry,95,6,4,7,5
stage_flystone_geometry,96,6,4,6,5
stage_flystone_geometry,97,6,4,6,5
stage_flystone_geometry,98,6,4,6,4
stage_flystone_geometry,99,6,4,6,4
stage_flystone_geometry,100,5,3,6,4
stage_flystone_geometry,101,5,3,6,4
stage_flystone_geometry,102,4,3,5,4
stage_flystone_geometry,103,4,3,5,4
stage_flystone_geometry,104,4,3,5,4
stage_flystone_geometry,105,4,3,5,4
stage_flystone_geometry,106,4,3,5,4
stage_flystone_geometry,107,4,3,5,3
stage_flystone_geometry,108,4,3,4,3
stage_flystone_geometry,109,4,3,4,3
stage_flystone_geometry,110,4,3,4,3
stage_em0_geometry,0,110,58,110,58
stage_em0_geometry,1,108,57,107,56
stage_em0_geometry,2,105,56,103,55
stage_em0_geometry,3,100,54,100,53
stage_em0_geometry,4,95,51,96,51
stage_em0_geometry,5,91,49,93,49
stage_em0_geometry,6,87,46,90,47
stage_em0_geometry,7,84,45,86,46
stage_em0_geometry,8,81,43,83,44
stage_em0_geometry,9,79,42,80,42
stage_em0_geometry,10,76,40,77,41
stage_em0_geometry,11,74,39,74,39
stage_em0_geometry,12,72,38,72,38
stage_em0_geometry,13,70,37,70,37
stage_em0_geometry,14,68,36,68,36
stage_em0_geometry,15,66,35,66,35
stage_em0_geometry,16,64,34,64,34
stage_em0_geometry,17,63,33,62,33
stage_em0_geometry,18,61,32,61,32
stage_em0_geometry,19,60,32,59,31
stage_em0_geometry,20,58,31,58,30
stage_em0_geometry,21,57,30,56,29
stage_em0_geometry,22,55,29,55,28
stage_em0_geometry,23,54,28,53,28
stage_em0_geometry,24,52,27,52,27
stage_em0_geometry,25,50,26,51,26
stage_em0_geometry,26,48,25,49,26
stage_em0_geometry,27,46,24,48,25
stage_em0_geometry,28,44,23,47,24
stage_em0_geometry,29,43,23,46,24
stage_em0_geometry,30,42,22,44,23
stage_em0_geometry,31,42,22,43,23
stage_em0_geometry,32,41,22,42,22
stage_em0_geometry,33,40,22,41,22
stage_em0_geometry,34,39,21,40,21
stage_em0_geometry,35,39,21,39,20
stage_em0_geometry,36,38,20,38,20
stage_em0_geometry,37,38,20,37,20
stage_em0_geometry,38,37,19,36,19
stage_em0_geometry,39,36,19,35,19
stage_em0_geometry,40,34,18,34,18
stage_em0_geometry,41,33,18,33,18
stage_em0_geometry,42,32,17,33,17
stage_em0_geometry,43,32,17,32,17
stage_em0_geometry,44,31,17,31,16
stage_em0_geometry,45,30,17,30,16
stage_em0_geometry,46,29,16,29,16
stage_em0_geometry,47,29,16,29,15
stage_em0_geometry,48,28,15,28,15
stage_em0_geometry,49,28,15,27,15
stage_em0_geometry,50,28,15,27,14
stage_em0_geometry,51,28,15,26,14
stage_em0_geometry,52,27,14,25,14
stage_em0_geometry,53,26,14,25,14
stage_em0_geometry,54,24,13,24,13
stage_em0_geometry,55,23,13,24,13
stage_em0_geometry,56,22,12,23,13
stage_em0_geometry,57,22,12,23,13
stage_em0_geometry,58,22,12,22,13
stage_em0_geometry,59,22,12,22,12
stage_em0_geometry,60,21,12,21,12
stage_em0_geometry,61,20,12,20,12
stage_em0_geometry,62,19,11,20,11
stage_em0_geometry,63,19,11,19,11
stage_em0_geometry,64,18,10,19,11
stage_em0_geometry,65,18,10,18,10
stage_em0_geometry,66,18,10,18,10
stage_em0_geometry,67,18,10,17,10
stage_em0_geometry,68,18,10,17,9
stage_em0_geometry,69,18,10,16,9
stage_em0_geometry,70,17,9,16,9
stage_em0_geometry,71,16,9,15,8
stage_em0_geometry,72,15,8,15,8
stage_em0_geometry,73,15,8,15,8
stage_em0_geometry,74,14,7,14,8
stage_em0_geometry,75,14,7,14,7
stage_em0_geometry,76,14,7,14,7
stage_em0_geometry,77,14,7,13,7
stage_em0_geometry,78,14,7,13,7
stage_em0_geometry,79,14,7,13,7
stage_em0_geometry,80,14,7,13,7
stage_em0_geometry,81,14,7,12,6
stage_em0_geometry,82,14,7,12,6
stage_em0_geometry,83,14,7,12,6
stage_em0_geometry,84,13,6,12,6
stage_em0_geometry,85,12,6,11,6
stage_em0_geometry,86,10,5,11,6
stage_em0_geometry,87,9,5,11,6
stage_em0_geometry,88,8,4,11,6
stage_em0_geometry,89,8,4,10,5
stage_em0_geometry,90,8,4,10,5
stage_em0_geometry,91,8,4,10,5
stage_em0_geometry,92,8,4,10,5
stage_em0_geometry,93,8,4,10,5
stage_em0_geometry,94,8,4,9,5
stage_em0_geometry,95,8,4,9,5
stage_em0_geometry,96,8,4,9,5
stage_em0_geometry,97,8,4,9,4
stage_em0_geometry,98,8,4,9,4
stage_em0_geometry,99,8,4,8,4
stage_em0_geometry,100,7,3,8,4
stage_em0_geometry,101,7,3,8,4
stage_em0_geometry,102,6,3,8,4
stage_em0_geometry,103,6,3,8,4
stage_em0_geometry,104,6,3,7,4
stage_em0_geometry,105,6,3,7,4
stage_em0_geometry,106,6,3,7,3
stage_em0_geometry,107,6,3,7,3
stage_em0_geometry,108,6,3,6,3
stage_em0_geometry,109,6,3,6,3
stage_em0_geometry,110,6,3,6,3
stage_tree0_geometry,0,68,158,68,158
stage_tree0_geometry,1,67,155,66,152
stage_tree0_geometry,2,65,151,64,148
stage_tree0_geometry,3,62,144,62,144
stage_tree0_geometry,4,59,137,60,141
stage_tree0_geometry,5,57,132,58,135
stage_tree0_geometry,6,54,126,56,130
stage_tree0_geometry,7,52,122,54,126
stage_tree0_geometry,8,50,117,52,121
stage_tree0_geometry,9,49,114,50,116
stage_tree0_geometry,10,47,110,48,111
stage_tree0_geometry,11,46,108,47,108
stage_tree0_geometry,12,45,105,45,105
stage_tree0_geometry,13,44,102,44,100
stage_tree0_geometry,14,43,99,42,97
stage_tree0_geometry,15,42,96,41,94
stage_tree0_geometry,16,40,92,40,91
stage_tree0_geometry,17,39,89,38,88
stage_tree0_geometry,18,37,86,37,83
stage_tree0_geometry,19,36,84,36,81
stage_tree0_geometry,20,35,81,35,79
stage_tree0_geometry,21,34,79,34,78
stage_tree0_geometry,22,33,77,33,76
stage_tree0_geometry,23,32,75,32,74
stage_tree0_geometry,24,31,72,31,72
stage_tree0_geometry,25,30,70,30,70
stage_tree0_geometry,26,29,68,29,68
stage_tree0_geometry,27,28,66,28,65
stage_tree0_geometry,28,27,63,28,62
stage_tree0_geometry,29,27,62,27,60
stage_tree0_geometry,30,26,60,26,58
stage_tree0_geometry,31,26,59,25,57
stage_tree0_geometry,32,25,58,25,56
stage_tree0_geometry,33,24,56,24,54
stage_tree0_geometry,34,23,53,23,52
stage_tree0_geometry,35,23,52,23,52
stage_tree0_geometry,36,22,51,22,51
stage_tree0_geometry,37,22,50,21,49
stage_tree0_geometry,38,22,49,21,48
stage_tree0_geometry,39,22,49,20,47
stage_tree0_geometry,40,21,47,20,46
stage_tree0_geometry,41,21,46,19,45
stage_tree0_geometry,42,20,45,18,43
stage_tree0_geometry,43,20,45,18,43
stage_tree0_geometry,44,19,44,17,42
stage_tree0_geometry,45,18,42,17,40
stage_tree0_geometry,46,17,39,17,37
stage_tree0_geometry,47,17,38,16,37
stage_tree0_geometry,48,16,37,16,37
stage_tree0_geometry,49,16,36,16,36
stage_tree0_geometry,50,16,35,16,35
stage_tree0_geometry,51,16,35,15,35
stage_tree0_geometry,52,16,35,15,35
stage_tree0_geometry,53,16,35,15,35
stage_tree0_geometry,54,15,34,15,35
stage_tree0_geometry,55,15,33,15,33
stage_tree0_geometry,56,14,32,15,32
stage_tree0_geometry,57,14,32,15,32
stage_tree0_geometry,58,14,32,14,32
stage_tree0_geometry,59,14,32,14,32
stage_tree0_geometry,60,14,32,14,32
stage_tree0_geometry,61,14,31,14,32
stage_tree0_geometry,62,13,29,13,31
stage_tree0_geometry,63,13,28,13,30
stage_tree0_geometry,64,12,27,12,28
stage_tree0_geometry,65,12,27,12,27
stage_tree0_geometry,66,12,27,11,27
stage_tree0_geometry,67,12,27,11,26
stage_tree0_geometry,68,12,27,10,25
stage_tree0_geometry,69,12,27,10,24
stage_tree0_geometry,70,11,26,10,24
stage_tree0_geometry,71,10,24,9,22
stage_tree0_geometry,72,9,21,9,21
stage_tree0_geometry,73,9,20,9,21
stage_tree0_geometry,74,8,19,9,21
stage_tree0_geometry,75,8,19,8,20
stage_tree0_geometry,76,8,19,8,20
stage_tree0_geometry,77,8,19,8,20
stage_tree0_geometry,78,8,19,8,20
stage_tree0_geometry,79,8,19,8,20
stage_tree0_geometry,80,8,19,8,20
stage_tree0_geometry,81,8,18,7,18
stage_tree0_geometry,82,8,17,7,15
stage_tree0_geometry,83,8,17,7,15
stage_tree0_geometry,84,8,17,7,15
stage_tree0_geometry,85,8,17,7,15
stage_tree0_geometry,86,7,15,7,15
stage_tree0_geometry,87,7,15,7,15
stage_tree0_geometry,88,6,14,6,15
stage_tree0_geometry,89,6,14,6,15
stage_tree0_geometry,90,6,14,6,15
stage_tree0_geometry,91,6,14,6,15
stage_tree0_geometry,92,6,14,6,14
stage_tree0_geometry,93,6,13,6,13
stage_tree0_geometry,94,6,12,6,12
stage_tree0_geometry,95,6,12,6,12
stage_tree0_geometry,96,6,12,6,12
stage_tree0_geometry,97,6,12,5,12
stage_tree0_geometry,98,6,12,5,12
stage_tree0_geometry,99,6,12,5,12
stage_tree0_geometry,100,5,11,5,12
stage_tree0_geometry,101,5,10,5,11
stage_tree0_geometry,102,4,9,5,10
stage_tree0_geometry,103,4,9,5,10
stage_tree0_geometry,104,4,9,5,10
stage_tree0_geometry,105,4,9,5,9
stage_tree0_geometry,106,4,9,4,9
stage_tree0_geometry,107,4,9,4,9
stage_tree0_geometry,108,4,9,4,9
stage_tree0_geometry,109,4,9,4,9
stage_tree0_geometry,110,4,9,4,9
stage_bom0_geometry,0,100,78,100,78
stage_bom0_geometry,1,98,77,97,76
stage_bom0_geometry,2,96,75,94,74
stage_bom0_geometry,3,92,72,91,71
stage_bom0_geometry,4,87,68,88,69
stage_bom0_geometry,5,84,65,85,67
stage_bom0_geometry,6,80,62,82,64
stage_bom0_geometry,7,78,60,79,62
stage_bom0_geometry,8,75,58,76,60
stage_bom0_geometry,9,73,57,73,58
stage_bom0_geometry,10,70,55,71,56
stage_bom0_geometry,11,68,54,68,54
stage_bom0_geometry,12,66,52,66,52
stage_bom0_geometry,13,64,50,64,50
stage_bom0_geometry,14,62,48,62,49
stage_bom0_geometry,15,60,47,60,47
stage_bom0_geometry,16,58,45,58,45
stage_bom0_geometry,17,57,44,56,44
stage_bom0_geometry,18,55,42,55,42
stage_bom0_geometry,19,54,41,53,41
stage_bom0_geometry,20,52,40,52,40
stage_bom0_geometry,21,51,39,50,38
stage_bom0_geometry,22,49,38,49,37
stage_bom0_geometry,23,48,37,47,36
stage_bom0_geometry,24,46,35,46,35
stage_bom0_geometry,25,45,34,45,34
stage_bom0_geometry,26,43,33,44,33
stage_bom0_geometry,27,42,32,43,32
stage_bom0_geometry,28,40,30,41,32
stage_bom0_geometry,29,39,30,40,31
stage_bom0_geometry,30,38,29,39,30
stage_bom0_geometry,31,38,29,39,29
stage_bom0_geometry,32,37,28,38,29
stage_bom0_geometry,33,36,28,37,28
stage_bom0_geometry,34,35,27,36,27
stage_bom0_geometry,35,35,27,35,27
stage_bom0_geometry,36,34,26,34,26
stage_bom0_geometry,37,34,26,33,25
stage_bom0_geometry,38,33,25,32,25
stage_bom0_geometry,39,32,25,31,24
stage_bom0_geometry,40,31,24,30,23
stage_bom0_geometry,41,31,24,29,23
stage_bom0_geometry,42,30,23,28,22
stage_bom0_geometry,43,30,23,28,22
stage_bom0_geometry,44,29,22,27,21
stage_bom0_geometry,45,28,21,26,20
stage_bom0_geometry,46,26,20,25,20
stage_bom0_geometry,47,25,20,25,19
stage_bom0_geometry,48,24,19,24,19
stage_bom0_geometry,49,24,19,23,19
stage_bom0_geometry,50,24,19,23,18
stage_bom0_geometry,51,24,19,23,18
stage_bom0_geometry,52,23,18,22,18
stage_bom0_geometry,53,22,18,22,17
stage_bom0_geometry,54,21,17,21,17
stage_bom0_geometry,55,21,17,21,17
stage_bom0_geometry,56,20,16,21,16
stage_bom0_geometry,57,20,16,20,16
stage_bom0_geometry,58,20,16,20,16
stage_bom0_geometry,59,20,16,19,15
stage_bom0_geometry,60,19,15,19,15
stage_bom0_geometry,61,18,14,19,15
stage_bom0_geometry,62,17,13,18,14
stage_bom0_geometry,63,17,13,17,14
stage_bom0_geometry,64,16,12,17,13
stage_bom0_geometry,65,16,12,16,13
stage_bom0_geometry,66,16,12,16,12
stage_bom0_geometry,67,16,12,15,12
stage_bom0_geometry,68,16,12,15,11
stage_bom0_geometry,69,16,12,14,11
stage_bom0_geometry,70,15,11,14,11
stage_bom0_geometry,71,14,11,13,10
stage_bom0_geometry,72,13,10,13,10
stage_bom0_geometry,73,13,10,13,10
stage_bom0_geometry,74,12,9,12,9
stage_bom0_geometry,75,12,9,12,9
stage_bom0_geometry,76,12,9,12,9
stage_bom0_geometry,77,12,9,11,9
stage_bom0_geometry,78,12,9,11,9
stage_bom0_geometry,79,12,9,11,8
stage_bom0_geometry,80,12,9,11,8
stage_bom0_geometry,81,12,9,10,8
stage_bom0_geometry,82,12,9,10,8
stage_bom0_geometry,83,12,9,10,7
stage_bom0_geometry,84,11,8,10,7
stage_bom0_geometry,85,10,8,9,7
stage_bom0_geometry,86,9,7,9,7
stage_bom0_geometry,87,9,7,9,7
stage_bom0_geometry,88,8,6,9,7
stage_bom0_geometry,89,8,6,8,6
stage_bom0_geometry,90,8,6,8,6
stage_bom0_geometry,91,8,6,8,6
stage_bom0_geometry,92,8,6,8,6
stage_bom0_geometry,93,8,6,8,6
stage_bom0_geometry,94,8,6,7,6
stage_bom0_geometry,95,8,6,7,5
stage_bom0_geometry,96,8,6,7,5
stage_bom0_geometry,97,8,6,7,5
stage_bom0_geometry,98,7,5,7,5
stage_bom0_geometry,99,6,5,6,5
stage_bom0_geometry,100,5,4,6,5
stage_bom0_geometry,101,5,4,6,5
stage_bom0_geometry,102,4,3,6,4
stage_bom0_geometry,103,4,3,6,4
stage_bom0_geometry,104,4,3,5,4
stage_bom0_geometry,105,4,3,5,4
stage_bom0_geometry,106,4,3,5,4
stage_bom0_geometry,107,4,3,5,4
stage_bom0_geometry,108,4,3,4,3
stage_bom0_geometry,109,4,3,4,3
stage_bom0_geometry,110,4,3,4,3
monosh_enemy_geometry,0,110,58,110,58
monosh_enemy_geometry,1,108,57,107,56
monosh_enemy_geometry,2,105,56,103,55
monosh_enemy_geometry,3,100,54,100,53
monosh_enemy_geometry,4,95,51,96,51
monosh_enemy_geometry,5,91,49,93,49
monosh_enemy_geometry,6,87,46,90,47
monosh_enemy_geometry,7,84,45,86,46
monosh_enemy_geometry,8,81,43,83,44
monosh_enemy_geometry,9,79,42,80,42
monosh_enemy_geometry,10,76,40,77,41
monosh_enemy_geometry,11,74,39,74,39
monosh_enemy_geometry,12,72,38,72,38
monosh_enemy_geometry,13,70,37,70,37
monosh_enemy_geometry,14,68,36,68,36
monosh_enemy_geometry,15,66,35,66,35
monosh_enemy_geometry,16,64,34,64,34
monosh_enemy_geometry,17,63,33,62,33
monosh_enemy_geometry,18,61,32,61,32
monosh_enemy_geometry,19,60,32,59,31
monosh_enemy_geometry,20,58,31,58,30
monosh_enemy_geometry,21,57,30,56,29
monosh_enemy_geometry,22,55,29,55,28
monosh_enemy_geometry,23,54,28,53,28
monosh_enemy_geometry,24,52,27,52,27
monosh_enemy_geometry,25,50,26,51,26
monosh_enemy_geometry,26,48,25,49,26
monosh_enemy_geometry,27,46,24,48,25
monosh_enemy_geometry,28,44,23,47,24
monosh_enemy_geometry,29,43,23,46,24
monosh_enemy_geometry,30,42,22,44,23
monosh_enemy_geometry,31,42,22,43,23
monosh_enemy_geometry,32,41,22,42,22
monosh_enemy_geometry,33,40,22,41,22
monosh_enemy_geometry,34,39,21,40,21
monosh_enemy_geometry,35,39,21,39,20
monosh_enemy_geometry,36,38,20,38,20
monosh_enemy_geometry,37,38,20,37,20
monosh_enemy_geometry,38,37,19,36,19
monosh_enemy_geometry,39,36,19,35,19
monosh_enemy_geometry,40,34,18,34,18
monosh_enemy_geometry,41,33,18,33,18
monosh_enemy_geometry,42,32,17,33,17
monosh_enemy_geometry,43,32,17,32,17
monosh_enemy_geometry,44,31,17,31,16
monosh_enemy_geometry,45,30,17,30,16
monosh_enemy_geometry,46,29,16,29,16
monosh_enemy_geometry,47,29,16,29,15
monosh_enemy_geometry,48,28,15,28,15
monosh_enemy_geometry,49,28,15,27,15
monosh_enemy_geometry,50,28,15,27,14
monosh_enemy_geometry,51,28,15,26,14
monosh_enemy_geometry,52,27,14,25,14
monosh_enemy_geometry,53,26,14,25,14
monosh_enemy_geometry,54,24,13,24,13
monosh_enemy_geometry,55,23,13,24,13
monosh_enemy_geometry,56,22,12,23,13
monosh_enemy_geometry,57,22,12,23,13
monosh_enemy_geometry,58,22,12,22,13
monosh_enemy_geometry,59,22,12,22,12
monosh_enemy_geometry,60,21,12,21,12
monosh_enemy_geometry,61,20,12,20,12
monosh_enemy_geometry,62,19,11,20,11
monosh_enemy_geometry,63,19,11,19,11
monosh_enemy_geometry,64,18,10,19,11
monosh_enemy_geometry,65,18,10,18,10
monosh_enemy_geometry,66,18,10,18,10
monosh_enemy_geometry,67,18,10,17,10
monosh_enemy_geometry,68,18,10,17,9
monosh_enemy_geometry,69,18,10,16,9
monosh_enemy_geometry,70,17,9,16,9
monosh_enemy_geometry,71,16,9,15,8
monosh_enemy_geometry,72,15,8,15,8
monosh_enemy_geometry,73,15,8,15,8
monosh_enemy_geometry,74,14,7,14,8
monosh_enemy_geometry,75,14,7,14,7
monosh_enemy_geometry,76,14,7,14,7
monosh_enemy_geometry,77,14,7,13,7
monosh_enemy_geometry,78,14,7,13,7
monosh_enemy_geometry,79,14,7,13,7
monosh_enemy_geometry,80,14,7,13,7
monosh_enemy_geometry,81,14,7,12,6
monosh_enemy_geometry,82,14,7,12,6
monosh_enemy_geometry,83,14,7,12,6
monosh_enemy_geometry,84,13,6,12,6
monosh_enemy_geometry,85,12,6,11,6
monosh_enemy_geometry,86,10,5,11,6
monosh_enemy_geometry,87,9,5,11,6
monosh_enemy_geometry,88,8,4,11,6
monosh_enemy_geometry,89,8,4,10,5
monosh_enemy_geometry,90,8,4,10,5
monosh_enemy_geometry,91,8,4,10,5
monosh_enemy_geometry,92,8,4,10,5
monosh_enemy_geometry,93,8,4,10,5
monosh_enemy_geometry,94,8,4,9,5
monosh_enemy_geometry,95,8,4,9,5
monosh_enemy_geometry,96,8,4,9,5
monosh_enemy_geometry,97,8,4,9,4
monosh_enemy_geometry,98,8,4,9,4
monosh_enemy_geometry,99,8,4,8,4
monosh_enemy_geometry,100,7,3,8,4
monosh_enemy_geometry,101,7,3,8,4
monosh_enemy_geometry,102,6,3,8,4
monosh_enemy_geometry,103,6,3,8,4
monosh_enemy_geometry,104,6,3,7,4
monosh_enemy_geometry,105,6,3,7,4
monosh_enemy_geometry,106,6,3,7,3
monosh_enemy_geometry,107,6,3,7,3
monosh_enemy_geometry,108,6,3,6,3
monosh_enemy_geometry,109,6,3,6,3
monosh_enemy_geometry,110,6,3,6,3
monosh_bom_geometry,0,100,78,100,78
monosh_bom_geometry,1,98,77,97,76
monosh_bom_geometry,2,96,75,94,74
monosh_bom_geometry,3,92,72,91,71
monosh_bom_geometry,4,87,68,88,69
monosh_bom_geometry,5,84,65,85,67
monosh_bom_geometry,6,80,62,82,64
monosh_bom_geometry,7,78,60,79,62
monosh_bom_geometry,8,75,58,76,60
monosh_bom_geometry,9,73,57,73,58
monosh_bom_geometry,10,70,55,71,56
monosh_bom_geometry,11,68,54,68,54
monosh_bom_geometry,12,66,52,66,52
monosh_bom_geometry,13,64,50,64,50
monosh_bom_geometry,14,62,48,62,49
monosh_bom_geometry,15,60,47,60,47
monosh_bom_geometry,16,58,45,58,45
monosh_bom_geometry,17,57,44,56,44
monosh_bom_geometry,18,55,42,55,42
monosh_bom_geometry,19,54,41,53,41
monosh_bom_geometry,20,52,40,52,40
monosh_bom_geometry,21,51,39,50,38
monosh_bom_geometry,22,49,38,49,37
monosh_bom_geometry,23,48,37,47,36
monosh_bom_geometry,24,46,35,46,35
monosh_bom_geometry,25,45,34,45,34
monosh_bom_geometry,26,43,33,44,33
monosh_bom_geometry,27,42,32,43,32
monosh_bom_geometry,28,40,30,41,32
monosh_bom_geometry,29,39,30,40,31
monosh_bom_geometry,30,38,29,39,30
monosh_bom_geometry,31,38,29,39,29
monosh_bom_geometry,32,37,28,38,29
monosh_bom_geometry,33,36,28,37,28
monosh_bom_geometry,34,35,27,36,27
monosh_bom_geometry,35,35,27,35,27
monosh_bom_geometry,36,34,26,34,26
monosh_bom_geometry,37,34,26,33,25
monosh_bom_geometry,38,33,25,32,25
monosh_bom_geometry,39,32,25,31,24
monosh_bom_geometry,40,31,24,30,23
monosh_bom_geometry,41,31,24,29,23
monosh_bom_geometry,42,30,23,28,22
monosh_bom_geometry,43,30,23,28,22
monosh_bom_geometry,44,29,22,27,21
monosh_bom_geometry,45,28,21,26,20
monosh_bom_geometry,46,26,20,25,20
monosh_bom_geometry,47,25,20,25,19
monosh_bom_geometry,48,24,19,24,19
monosh_bom_geometry,49,24,19,23,19
monosh_bom_geometry,50,24,19,23,18
monosh_bom_geometry,51,24,19,23,18
monosh_bom_geometry,52,23,18,22,18
monosh_bom_geometry,53,22,18,22,17
monosh_bom_geometry,54,21,17,21,17
monosh_bom_geometry,55,21,17,21,17
monosh_bom_geometry,56,20,16,21,16
monosh_bom_geometry,57,20,16,20,16
monosh_bom_geometry,58,20,16,20,16
monosh_bom_geometry,59,20,16,19,15
monosh_bom_geometry,60,19,15,19,15
monosh_bom_geometry,61,18,14,19,15
monosh_bom_geometry,62,17,13,18,14
monosh_bom_geometry,63,17,13,17,14
monosh_bom_geometry,64,16,12,17,13
monosh_bom_geometry,65,16,12,16,13
monosh_bom_geometry,66,16,12,16,12
monosh_bom_geometry,67,16,12,15,12
monosh_bom_geometry,68,16,12,15,11
monosh_bom_geometry,69,16,12,14,11
monosh_bom_geometry,70,15,11,14,11
monosh_bom_geometry,71,14,11,13,10
monosh_bom_geometry,72,13,10,13,10
monosh_bom_geometry,73,13,10,13,10
monosh_bom_geometry,74,12,9,12,9
monosh_bom_geometry,75,12,9,12,9
monosh_bom_geometry,76,12,9,12,9
monosh_bom_geometry,77,12,9,11,9
monosh_bom_geometry,78,12,9,11,9
monosh_bom_geometry,79,12,9,11,8
monosh_bom_geometry,80,12,9,11,8
monosh_bom_geometry,81,12,9,10,8
monosh_bom_geometry,82,12,9,10,8
monosh_bom_geometry,83,12,9,10,7
monosh_bom_geometry,84,11,8,10,7
monosh_bom_geometry,85,10,8,9,7
monosh_bom_geometry,86,9,7,9,7
monosh_bom_geometry,87,9,7,9,7
monosh_bom_geometry,88,8,6,9,7
monosh_bom_geometry,89,8,6,8,6
monosh_bom_geometry,90,8,6,8,6
monosh_bom_geometry,91,8,6,8,6
monosh_bom_geometry,92,8,6,8,6
monosh_bom_geometry,93,8,6,8,6
monosh_bom_geometry,94,8,6,7,6
monosh_bom_geometry,95,8,6,7,5
monosh_bom_geometry,96,8,6,7,5
monosh_bom_geometry,97,8,6,7,5
monosh_bom_geometry,98,7,5,7,5
monosh_bom_geometry,99,6,5,6,5
monosh_bom_geometry,100,5,4,6,5
monosh_bom_geometry,101,5,4,6,5
monosh_bom_geometry,102,4,3,6,4
monosh_bom_geometry,103,4,3,6,4
monosh_bom_geometry,104,4,3,5,4
monosh_bom_geometry,105,4,3,5,4
monosh_bom_geometry,106,4,3,5,4
monosh_bom_geometry,107,4,3,5,4
monosh_bom_geometry,108,4,3,4,3
monosh_bom_geometry,109,4,3,4,3
monosh_bom_geometry,110,4,3,4,3
monosh_em1_closed_geometry,0,28,30,28,30
monosh_em1_closed_geometry,1,28,30,28,30
monosh_em1_closed_geometry,2,28,30,28,30
monosh_em1_closed_geometry,3,28,30,28,30
monosh_em1_closed_geometry,4,28,30,28,30
monosh_em1_closed_geometry,5,28,30,28,30
monosh_em1_closed_geometry,6,28,30,28,30
monosh_em1_closed_geometry,7,28,30,28,30
monosh_em1_closed_geometry,8,28,30,28,30
monosh_em1_closed_geometry,9,28,30,28,30
monosh_em1_closed_geometry,10,28,30,28,30
monosh_em1_closed_geometry,11,28,30,28,30
monosh_em1_closed_geometry,12,28,30,28,30
monosh_em1_closed_geometry,13,28,30,28,30
monosh_em1_closed_geometry,14,28,30,28,30
monosh_em1_closed_geometry,15,28,30,28,30
monosh_em1_closed_geometry,16,28,30,28,30
monosh_em1_closed_geometry,17,28,30,28,30
monosh_em1_closed_geometry,18,28,30,28,30
monosh_em1_closed_geometry,19,28,30,28,30
monosh_em1_closed_geometry,20,28,30,28,30
monosh_em1_closed_geometry,21,28,30,28,30
monosh_em1_closed_geometry,22,28,30,28,30
monosh_em1_closed_geometry,23,28,30,28,30
monosh_em1_closed_geometry,24,28,30,28,30
monosh_em1_closed_geometry,25,28,30,28,30
monosh_em1_closed_geometry,26,28,30,28,30
monosh_em1_closed_geometry,27,28,30,28,30
monosh_em1_closed_geometry,28,28,30,28,30
monosh_em1_closed_geometry,29,28,30,28,30
monosh_em1_closed_geometry,30,28,30,28,30
monosh_em1_closed_geometry,31,28,30,28,30
monosh_em1_closed_geometry,32,28,30,28,30
monosh_em1_closed_geometry,33,28,30,28,30
monosh_em1_closed_geometry,34,28,30,28,30
monosh_em1_closed_geometry,35,28,30,28,30
monosh_em1_closed_geometry,36,28,30,28,30
monosh_em1_closed_geometry,37,28,30,28,30
monosh_em1_closed_geometry,38,28,30,28,30
monosh_em1_closed_geometry,39,28,30,27,29
monosh_em1_closed_geometry,40,28,30,27,29
monosh_em1_closed_geometry,41,28,30,27,29
monosh_em1_closed_geometry,42,27,29,26,28
monosh_em1_closed_geometry,43,26,28,26,28
monosh_em1_closed_geometry,44,25,27,25,27
monosh_em1_closed_geometry,45,25,27,24,27
monosh_em1_closed_geometry,46,24,26,24,26
monosh_em1_closed_geometry,47,24,26,23,25
monosh_em1_closed_geometry,48,23,25,23,25
monosh_em1_closed_geometry,49,23,25,23,25
monosh_em1_closed_geometry,50,22,24,22,24
monosh_em1_closed_geometry,51,22,24,22,23
monosh_em1_closed_geometry,52,22,24,22,23
monosh_em1_closed_geometry,53,22,24,21,22
monosh_em1_closed_geometry,54,21,23,21,22
monosh_em1_closed_geometry,55,21,23,21,21
monosh_em1_closed_geometry,56,20,22,20,21
monosh_em1_closed_geometry,57,20,22,20,20
monosh_em1_closed_geometry,58,19,21,20,20
monosh_em1_closed_geometry,59,19,20,19,19
monosh_em1_closed_geometry,60,19,19,19,19
monosh_em1_closed_geometry,61,19,19,19,19
monosh_em1_closed_geometry,62,18,18,18,18
monosh_em1_closed_geometry,63,18,18,18,18
monosh_em1_closed_geometry,64,17,17,17,18
monosh_em1_closed_geometry,65,17,17,17,18
monosh_em1_closed_geometry,66,16,16,16,17
monosh_em1_closed_geometry,67,16,16,16,17
monosh_em1_closed_geometry,68,16,16,15,17
monosh_em1_closed_geometry,69,16,16,15,17
monosh_em1_closed_geometry,70,15,16,15,16
monosh_em1_closed_geometry,71,15,16,14,16
monosh_em1_closed_geometry,72,14,16,14,16
monosh_em1_closed_geometry,73,14,16,14,16
monosh_em1_closed_geometry,74,13,15,14,16
monosh_em1_closed_geometry,75,13,15,13,15
monosh_em1_closed_geometry,76,13,15,13,15
monosh_em1_closed_geometry,77,13,15,13,15
monosh_em1_closed_geometry,78,12,14,13,15
monosh_em1_closed_geometry,79,12,14,12,14
monosh_em1_closed_geometry,80,12,13,12,14
monosh_em1_closed_geometry,81,12,13,12,14
monosh_em1_closed_geometry,82,12,12,12,14
monosh_em1_closed_geometry,83,12,12,12,14
monosh_em1_closed_geometry,84,12,12,12,13
monosh_em1_closed_geometry,85,12,12,11,13
monosh_em1_closed_geometry,86,11,11,11,13
monosh_em1_closed_geometry,87,11,11,11,13
monosh_em1_closed_geometry,88,10,10,11,13
monosh_em1_closed_geometry,89,10,10,11,12
monosh_em1_closed_geometry,90,10,10,11,12
monosh_em1_closed_geometry,91,10,10,11,12
monosh_em1_closed_geometry,92,10,10,10,12
monosh_em1_closed_geometry,93,10,10,10,11
monosh_em1_closed_geometry,94,10,10,10,11
monosh_em1_closed_geometry,95,10,10,10,11
monosh_em1_closed_geometry,96,9,9,10,11
monosh_em1_closed_geometry,97,9,9,10,11
monosh_em1_closed_geometry,98,8,8,10,10
monosh_em1_closed_geometry,99,8,8,10,10
monosh_em1_closed_geometry,100,8,8,9,10
monosh_em1_closed_geometry,101,8,8,9,10
monosh_em1_closed_geometry,102,8,8,9,10
monosh_em1_closed_geometry,103,8,8,9,9
monosh_em1_closed_geometry,104,8,8,9,9
monosh_em1_closed_geometry,105,8,8,9,9
monosh_em1_closed_geometry,106,8,8,9,9
monosh_em1_closed_geometry,107,8,8,8,9
monosh_em1_closed_geometry,108,8,8,8,8
monosh_em1_closed_geometry,109,8,8,8,8
monosh_em1_closed_geometry,110,8,8,8,8
monosh_ebullet_animation_geometry,0,62,62,62,62
monosh_ebullet_animation_geometry,1,62,62,61,61
monosh_ebullet_animation_geometry,2,62,62,60,60
monosh_ebullet_animation_geometry,3,62,62,59,59
monosh_ebullet_animation_geometry,4,62,62,58,58
monosh_ebullet_animation_geometry,5,61,61,57,57
monosh_ebullet_animation_geometry,6,60,60,56,56
monosh_ebullet_animation_geometry,7,58,58,55,55
monosh_ebullet_animation_geometry,8,56,56,54,54
monosh_ebullet_animation_geometry,9,55,55,53,53
monosh_ebullet_animation_geometry,10,53,53,52,52
monosh_ebullet_animation_geometry,11,52,52,51,51
monosh_ebullet_animation_geometry,12,50,50,50,50
monosh_ebullet_animation_geometry,13,49,49,49,49
monosh_ebullet_animation_geometry,14,47,47,48,48
monosh_ebullet_animation_geometry,15,46,46,46,46
monosh_ebullet_animation_geometry,16,44,44,45,45
monosh_ebullet_animation_geometry,17,43,43,44,44
monosh_ebullet_animation_geometry,18,41,41,42,42
monosh_ebullet_animation_geometry,19,40,40,41,41
monosh_ebullet_animation_geometry,20,39,39,40,40
monosh_ebullet_animation_geometry,21,38,38,38,38
monosh_ebullet_animation_geometry,22,37,37,37,37
monosh_ebullet_animation_geometry,23,36,36,36,36
monosh_ebullet_animation_geometry,24,35,35,35,35
monosh_ebullet_animation_geometry,25,34,34,34,34
monosh_ebullet_animation_geometry,26,33,33,33,33
monosh_ebullet_animation_geometry,27,32,32,32,32
monosh_ebullet_animation_geometry,28,31,31,32,32
monosh_ebullet_animation_geometry,29,31,31,31,31
monosh_ebullet_animation_geometry,30,30,30,30,30
monosh_ebullet_animation_geometry,31,30,30,29,29
monosh_ebullet_animation_geometry,32,29,29,29,29
monosh_ebullet_animation_geometry,33,28,28,28,28
monosh_ebullet_animation_geometry,34,27,27,27,27
monosh_ebullet_animation_geometry,35,27,27,27,27
monosh_ebullet_animation_geometry,36,26,26,26,26
monosh_ebullet_animation_geometry,37,26,26,25,25
monosh_ebullet_animation_geometry,38,25,25,25,25
monosh_ebullet_animation_geometry,39,24,24,24,24
monosh_ebullet_animation_geometry,40,23,23,24,24
monosh_ebullet_animation_geometry,41,23,23,23,23
monosh_ebullet_animation_geometry,42,22,22,23,23
monosh_ebullet_animation_geometry,43,22,22,22,22
monosh_ebullet_animation_geometry,44,22,22,22,22
monosh_ebullet_animation_geometry,45,22,22,21,21
monosh_ebullet_animation_geometry,46,21,21,21,21
monosh_ebullet_animation_geometry,47,21,21,20,20
monosh_ebullet_animation_geometry,48,20,20,20,20
monosh_ebullet_animation_geometry,49,20,20,20,20
monosh_ebullet_animation_geometry,50,20,20,19,19
monosh_ebullet_animation_geometry,51,20,20,19,19
monosh_ebullet_animation_geometry,52,19,19,18,18
monosh_ebullet_animation_geometry,53,18,18,18,18
monosh_ebullet_animation_geometry,54,17,17,17,17
monosh_ebullet_animation_geometry,55,17,17,17,17
monosh_ebullet_animation_geometry,56,16,16,17,17
monosh_ebullet_animation_geometry,57,16,16,16,16
monosh_ebullet_animation_geometry,58,16,16,16,16
monosh_ebullet_animation_geometry,59,16,16,15,15
monosh_ebullet_animation_geometry,60,15,15,15,15
monosh_ebullet_animation_geometry,61,14,14,15,15
monosh_ebullet_animation_geometry,62,13,13,14,14
monosh_ebullet_animation_geometry,63,13,13,14,14
monosh_ebullet_animation_geometry,64,12,12,14,14
monosh_ebullet_animation_geometry,65,12,12,13,13
monosh_ebullet_animation_geometry,66,12,12,13,13
monosh_ebullet_animation_geometry,67,12,12,12,12
monosh_ebullet_animation_geometry,68,12,12,12,12
monosh_ebullet_animation_geometry,69,12,12,12,12
monosh_ebullet_animation_geometry,70,12,12,12,12
monosh_ebullet_animation_geometry,71,12,12,11,11
monosh_ebullet_animation_geometry,72,11,11,11,11
monosh_ebullet_animation_geometry,73,11,11,11,11
monosh_ebullet_animation_geometry,74,10,10,11,11
monosh_ebullet_animation_geometry,75,10,10,10,10
monosh_ebullet_animation_geometry,76,10,10,10,10
monosh_ebullet_animation_geometry,77,10,10,10,10
monosh_ebullet_animation_geometry,78,10,10,10,10
monosh_ebullet_animation_geometry,79,10,10,9,9
monosh_ebullet_animation_geometry,80,10,10,9,9
monosh_ebullet_animation_geometry,81,10,10,9,9
monosh_ebullet_animation_geometry,82,10,10,9,9
monosh_ebullet_animation_geometry,83,10,10,9,9
monosh_ebullet_animation_geometry,84,9,9,8,8
monosh_ebullet_animation_geometry,85,8,8,8,8
monosh_ebullet_animation_geometry,86,7,7,8,8
monosh_ebullet_animation_geometry,87,7,7,8,8
monosh_ebullet_animation_geometry,88,6,6,8,8
monosh_ebullet_animation_geometry,89,6,6,8,8
monosh_ebullet_animation_geometry,90,6,6,7,7
monosh_ebullet_animation_geometry,91,6,6,7,7
monosh_ebullet_animation_geometry,92,6,6,7,7
monosh_ebullet_animation_geometry,93,6,6,7,7
monosh_ebullet_animation_geometry,94,6,6,7,7
monosh_ebullet_animation_geometry,95,6,6,7,7
monosh_ebullet_animation_geometry,96,6,6,6,6
monosh_ebullet_animation_geometry,97,6,6,6,6
monosh_ebullet_animation_geometry,98,6,6,6,6
monosh_ebullet_animation_geometry,99,6,6,6,6
monosh_ebullet_animation_geometry,100,5,5,6,6
monosh_ebullet_animation_geometry,101,5,5,6,6
monosh_ebullet_animation_geometry,102,4,4,5,5
monosh_ebullet_animation_geometry,103,4,4,5,5
monosh_ebullet_animation_geometry,104,4,4,5,5
monosh_ebullet_animation_geometry,105,4,4,5,5
monosh_ebullet_animation_geometry,106,4,4,5,5
monosh_ebullet_animation_geometry,107,4,4,5,5
monosh_ebullet_animation_geometry,108,4,4,4,4
monosh_ebullet_animation_geometry,109,4,4,4,4
monosh_ebullet_animation_geometry,110,4,4,4,4
monosh_ebullet4_geometry,0,66,65,66,65
monosh_ebullet4_geometry,1,65,63,64,63
monosh_ebullet4_geometry,2,63,61,62,61
monosh_ebullet4_geometry,3,60,59,60,59
monosh_ebullet4_geometry,4,57,57,58,57
monosh_ebullet4_geometry,5,55,55,56,55
monosh_ebullet4_geometry,6,53,52,54,53
monosh_ebullet4_geometry,7,52,51,52,51
monosh_ebullet4_geometry,8,50,49,50,49
monosh_ebullet4_geometry,9,49,48,49,48
monosh_ebullet4_geometry,10,47,46,47,46
monosh_ebullet4_geometry,11,46,45,45,44
monosh_ebullet4_geometry,12,44,43,44,43
monosh_ebullet4_geometry,13,43,42,43,42
monosh_ebullet4_geometry,14,41,40,41,40
monosh_ebullet4_geometry,15,40,39,40,39
monosh_ebullet4_geometry,16,39,38,39,38
monosh_ebullet4_geometry,17,38,37,38,37
monosh_ebullet4_geometry,18,37,36,37,36
monosh_ebullet4_geometry,19,36,35,36,35
monosh_ebullet4_geometry,20,34,33,35,34
monosh_ebullet4_geometry,21,33,32,34,33
monosh_ebullet4_geometry,22,32,31,33,32
monosh_ebullet4_geometry,23,32,31,32,31
monosh_ebullet4_geometry,24,31,30,31,30
monosh_ebullet4_geometry,25,30,29,30,29
monosh_ebullet4_geometry,26,29,28,29,28
monosh_ebullet4_geometry,27,28,27,28,28
monosh_ebullet4_geometry,28,27,26,28,27
monosh_ebullet4_geometry,29,27,26,27,26
monosh_ebullet4_geometry,30,26,25,26,26
monosh_ebullet4_geometry,31,26,25,25,25
monosh_ebullet4_geometry,32,25,25,25,24
monosh_ebullet4_geometry,33,24,24,24,24
monosh_ebullet4_geometry,34,23,23,23,23
monosh_ebullet4_geometry,35,23,23,23,23
monosh_ebullet4_geometry,36,22,22,22,22
monosh_ebullet4_geometry,37,22,22,21,21
monosh_ebullet4_geometry,38,22,22,21,21
monosh_ebullet4_geometry,39,22,22,20,20
monosh_ebullet4_geometry,40,21,21,20,20
monosh_ebullet4_geometry,41,21,21,19,19
monosh_ebullet4_geometry,42,20,20,19,19
monosh_ebullet4_geometry,43,20,20,18,18
monosh_ebullet4_geometry,44,19,19,18,18
monosh_ebullet4_geometry,45,18,18,17,17
monosh_ebullet4_geometry,46,17,17,17,17
monosh_ebullet4_geometry,47,17,17,16,16
monosh_ebullet4_geometry,48,16,16,16,16
monosh_ebullet4_geometry,49,16,16,16,16
monosh_ebullet4_geometry,50,16,16,15,15
monosh_ebullet4_geometry,51,16,16,15,15
monosh_ebullet4_geometry,52,16,16,15,15
monosh_ebullet4_geometry,53,16,16,15,15
monosh_ebullet4_geometry,54,15,15,14,14
monosh_ebullet4_geometry,55,15,15,14,14
monosh_ebullet4_geometry,56,14,14,14,14
monosh_ebullet4_geometry,57,14,14,14,14
monosh_ebullet4_geometry,58,14,14,14,14
monosh_ebullet4_geometry,59,14,14,13,13
monosh_ebullet4_geometry,60,13,13,13,13
monosh_ebullet4_geometry,61,12,12,13,13
monosh_ebullet4_geometry,62,11,11,12,12
monosh_ebullet4_geometry,63,11,11,12,12
monosh_ebullet4_geometry,64,10,10,12,12
monosh_ebullet4_geometry,65,10,10,11,11
monosh_ebullet4_geometry,66,10,10,11,11
monosh_ebullet4_geometry,67,10,10,11,11
monosh_ebullet4_geometry,68,10,10,10,10
monosh_ebullet4_geometry,69,10,10,10,10
monosh_ebullet4_geometry,70,10,10,10,10
monosh_ebullet4_geometry,71,10,10,9,9
monosh_ebullet4_geometry,72,9,9,9,9
monosh_ebullet4_geometry,73,9,9,9,9
monosh_ebullet4_geometry,74,8,8,9,9
monosh_ebullet4_geometry,75,8,8,8,8
monosh_ebullet4_geometry,76,8,8,8,8
monosh_ebullet4_geometry,77,8,8,8,8
monosh_ebullet4_geometry,78,8,8,8,8
monosh_ebullet4_geometry,79,8,8,8,8
monosh_ebullet4_geometry,80,8,8,8,8
monosh_ebullet4_geometry,81,8,8,7,7
monosh_ebullet4_geometry,82,8,8,7,7
monosh_ebullet4_geometry,83,8,8,7,7
monosh_ebullet4_geometry,84,7,7,7,7
monosh_ebullet4_geometry,85,6,6,7,7
monosh_ebullet4_geometry,86,5,5,7,7
monosh_ebullet4_geometry,87,5,5,7,7
monosh_ebullet4_geometry,88,4,4,7,7
monosh_ebullet4_geometry,89,4,4,6,6
monosh_ebullet4_geometry,90,4,4,6,6
monosh_ebullet4_geometry,91,4,4,6,6
monosh_ebullet4_geometry,92,4,4,6,6
monosh_ebullet4_geometry,93,4,4,6,6
monosh_ebullet4_geometry,94,4,4,6,6
monosh_ebullet4_geometry,95,4,4,6,6
monosh_ebullet4_geometry,96,4,4,6,6
monosh_ebullet4_geometry,97,4,4,5,5
monosh_ebullet4_geometry,98,4,4,5,5
monosh_ebullet4_geometry,99,4,4,5,5
monosh_ebullet4_geometry,100,4,4,5,5
monosh_ebullet4_geometry,101,4,4,5,5
monosh_ebullet4_geometry,102,4,4,5,5
monosh_ebullet4_geometry,103,4,4,5,5
monosh_ebullet4_geometry,104,4,4,5,5
monosh_ebullet4_geometry,105,4,4,5,5
monosh_ebullet4_geometry,106,4,4,4,4
monosh_ebullet4_geometry,107,4,4,4,4
monosh_ebullet4_geometry,108,4,4,4,4
monosh_ebullet4_geometry,109,4,4,4,4
monosh_ebullet4_geometry,110,4,4,4,4
monosh_boss_face_geometry,0,80,116,80,116
monosh_boss_face_geometry,1,78,114,78,114
monosh_boss_face_geometry,2,76,111,76,111
monosh_boss_face_geometry,3,74,108,75,109
monosh_boss_face_geometry,4,72,105,73,106
monosh_boss_face_geometry,5,70,103,71,103
monosh_boss_face_geometry,6,68,100,69,101
monosh_boss_face_geometry,7,66,97,67,98
monosh_boss_face_geometry,8,64,94,65,96
monosh_boss_face_geometry,9,63,93,64,94
monosh_boss_face_geometry,10,62,91,62,92
monosh_boss_face_geometry,11,61,90,61,90
monosh_boss_face_geometry,12,60,88,60,88
monosh_boss_face_geometry,13,59,87,59,86
monosh_boss_face_geometry,14,58,85,58,85
monosh_boss_face_geometry,15,57,84,58,84
monosh_boss_face_geometry,16,56,82,57,83
monosh_boss_face_geometry,17,56,81,56,81
monosh_boss_face_geometry,18,55,80,56,80
monosh_boss_face_geometry,19,55,79,55,79
monosh_boss_face_geometry,20,54,78,55,78
monosh_boss_face_geometry,21,54,77,54,77
monosh_boss_face_geometry,22,53,76,53,76
monosh_boss_face_geometry,23,53,75,53,75
monosh_boss_face_geometry,24,52,74,52,74
monosh_boss_face_geometry,25,51,73,51,73
monosh_boss_face_geometry,26,50,72,50,72
monosh_boss_face_geometry,27,49,71,50,71
monosh_boss_face_geometry,28,48,70,49,70
monosh_boss_face_geometry,29,47,69,48,69
monosh_boss_face_geometry,30,46,68,47,68
monosh_boss_face_geometry,31,45,67,46,67
monosh_boss_face_geometry,32,44,66,45,66
monosh_boss_face_geometry,33,44,65,44,65
monosh_boss_face_geometry,34,43,64,43,64
monosh_boss_face_geometry,35,43,63,43,63
monosh_boss_face_geometry,36,42,62,42,62
monosh_boss_face_geometry,37,42,61,41,61
monosh_boss_face_geometry,38,41,60,41,60
monosh_boss_face_geometry,39,41,59,40,59
monosh_boss_face_geometry,40,40,58,40,59
monosh_boss_face_geometry,41,40,58,39,58
monosh_boss_face_geometry,42,39,57,39,57
monosh_boss_face_geometry,43,39,56,38,56
monosh_boss_face_geometry,44,38,55,38,55
monosh_boss_face_geometry,45,38,55,37,54
monosh_boss_face_geometry,46,37,54,37,54
monosh_boss_face_geometry,47,37,53,36,53
monosh_boss_face_geometry,48,36,52,36,52
monosh_boss_face_geometry,49,36,51,36,51
monosh_boss_face_geometry,50,35,50,35,50
monosh_boss_face_geometry,51,35,49,35,49
monosh_boss_face_geometry,52,34,48,34,49
monosh_boss_face_geometry,53,34,47,34,48
monosh_boss_face_geometry,54,33,46,33,47
monosh_boss_face_geometry,55,33,45,33,46
monosh_boss_face_geometry,56,32,44,32,45
monosh_boss_face_geometry,57,32,44,32,44
monosh_boss_face_geometry,58,31,43,31,44
monosh_boss_face_geometry,59,31,43,31,43
monosh_boss_face_geometry,60,30,42,30,42
monosh_boss_face_geometry,61,30,42,29,41
monosh_boss_face_geometry,62,29,41,29,41
monosh_boss_face_geometry,63,29,41,28,40
monosh_boss_face_geometry,64,28,40,28,39
monosh_boss_face_geometry,65,28,40,27,38
monosh_boss_face_geometry,66,27,39,27,38
monosh_boss_face_geometry,67,27,38,26,37
monosh_boss_face_geometry,68,26,37,26,36
monosh_boss_face_geometry,69,26,37,25,36
monosh_boss_face_geometry,70,25,36,25,35
monosh_boss_face_geometry,71,25,35,24,35
monosh_boss_face_geometry,72,24,34,24,34
monosh_boss_face_geometry,73,24,34,24,33
monosh_boss_face_geometry,74,23,33,23,33
monosh_boss_face_geometry,75,23,32,23,32
monosh_boss_face_geometry,76,22,31,22,32
monosh_boss_face_geometry,77,22,31,22,31
monosh_boss_face_geometry,78,21,30,22,31
monosh_boss_face_geometry,79,21,29,21,30
monosh_boss_face_geometry,80,20,28,21,29
monosh_boss_face_geometry,81,20,28,20,29
monosh_boss_face_geometry,82,19,27,20,28
monosh_boss_face_geometry,83,19,27,20,28
monosh_boss_face_geometry,84,18,26,19,27
monosh_boss_face_geometry,85,18,26,19,27
monosh_boss_face_geometry,86,17,25,18,26
monosh_boss_face_geometry,87,17,25,18,26
monosh_boss_face_geometry,88,16,24,18,25
monosh_boss_face_geometry,89,16,24,17,25
monosh_boss_face_geometry,90,15,23,17,24
monosh_boss_face_geometry,91,15,22,17,24
monosh_boss_face_geometry,92,14,21,16,23
monosh_boss_face_geometry,93,14,21,16,23
monosh_boss_face_geometry,94,13,20,16,22
monosh_boss_face_geometry,95,13,19,15,22
monosh_boss_face_geometry,96,12,18,15,21
monosh_boss_face_geometry,97,12,18,15,21
monosh_boss_face_geometry,98,12,17,14,20
monosh_boss_face_geometry,99,12,17,14,20
monosh_boss_face_geometry,100,11,16,14,19
monosh_boss_face_geometry,101,11,16,13,19
monosh_boss_face_geometry,102,11,15,13,18
monosh_boss_face_geometry,103,11,15,13,18
monosh_boss_face_geometry,104,10,14,12,17
monosh_boss_face_geometry,105,10,14,12,17
monosh_boss_face_geometry,106,10,14,11,16
monosh_boss_face_geometry,107,10,14,11,16
monosh_boss_face_geometry,108,10,14,11,15
monosh_boss_face_geometry,109,10,14,10,15
monosh_boss_face_geometry,110,10,14,10,14
monosh_boss_body_geometry,0,82,54,82,54
monosh_boss_body_geometry,1,80,53,80,53
monosh_boss_body_geometry,2,78,52,79,52
monosh_boss_body_geometry,3,76,51,77,51
monosh_boss_body_geometry,4,74,49,75,49
monosh_boss_body_geometry,5,72,48,73,48
monosh_boss_body_geometry,6,70,47,71,47
monosh_boss_body_geometry,7,68,46,69,46
monosh_boss_body_geometry,8,66,44,68,45
monosh_boss_body_geometry,9,65,44,66,44
monosh_boss_body_geometry,10,64,43,65,43
monosh_boss_body_geometry,11,63,42,63,42
monosh_boss_body_geometry,12,62,41,62,41
monosh_boss_body_geometry,13,61,41,61,40
monosh_boss_body_geometry,14,60,40,60,40
monosh_boss_body_geometry,15,59,39,59,39
monosh_boss_body_geometry,16,58,38,58,38
monosh_boss_body_geometry,17,58,38,57,38
monosh_boss_body_geometry,18,57,37,57,37
monosh_boss_body_geometry,19,56,37,56,37
monosh_boss_body_geometry,20,55,36,55,36
monosh_boss_body_geometry,21,55,36,54,35
monosh_boss_body_geometry,22,54,35,54,35
monosh_boss_body_geometry,23,53,35,53,34
monosh_boss_body_geometry,24,52,34,52,34
monosh_boss_body_geometry,25,52,34,51,34
monosh_boss_body_geometry,26,51,33,50,33
monosh_boss_body_geometry,27,50,33,50,33
monosh_boss_body_geometry,28,49,32,49,32
monosh_boss_body_geometry,29,49,32,48,32
monosh_boss_body_geometry,30,48,31,47,31
monosh_boss_body_geometry,31,47,31,47,31
monosh_boss_body_geometry,32,46,30,46,31
monosh_boss_body_geometry,33,46,30,45,30
monosh_boss_body_geometry,34,45,30,44,30
monosh_boss_body_geometry,35,44,30,44,29
monosh_boss_body_geometry,36,43,29,43,29
monosh_boss_body_geometry,37,43,29,42,29
monosh_boss_body_geometry,38,42,29,42,28
monosh_boss_body_geometry,39,41,29,41,28
monosh_boss_body_geometry,40,40,28,40,27
monosh_boss_body_geometry,41,40,28,40,27
monosh_boss_body_geometry,42,39,27,39,27
monosh_boss_body_geometry,43,39,27,39,26
monosh_boss_body_geometry,44,38,26,38,26
monosh_boss_body_geometry,45,38,26,38,25
monosh_boss_body_geometry,46,37,25,37,25
monosh_boss_body_geometry,47,37,25,37,24
monosh_boss_body_geometry,48,36,24,36,24
monosh_boss_body_geometry,49,36,24,35,24
monosh_boss_body_geometry,50,35,23,35,23
monosh_boss_body_geometry,51,35,23,34,23
monosh_boss_body_geometry,52,34,22,34,22
monosh_boss_body_geometry,53,34,22,33,22
monosh_boss_body_geometry,54,33,21,33,21
monosh_boss_body_geometry,55,33,21,32,21
monosh_boss_body_geometry,56,32,20,32,20
monosh_boss_body_geometry,57,32,20,31,20
monosh_boss_body_geometry,58,31,20,31,20
monosh_boss_body_geometry,59,31,20,30,19
monosh_boss_body_geometry,60,30,19,30,19
monosh_boss_body_geometry,61,30,19,29,19
monosh_boss_body_geometry,62,29,19,29,18
monosh_boss_body_geometry,63,29,19,28,18
monosh_boss_body_geometry,64,28,18,28,18
monosh_boss_body_geometry,65,28,18,27,18
monosh_boss_body_geometry,66,27,18,27,17
monosh_boss_body_geometry,67,27,18,26,17
monosh_boss_body_geometry,68,26,17,26,17
monosh_boss_body_geometry,69,26,17,25,17
monosh_boss_body_geometry,70,25,17,25,16
monosh_boss_body_geometry,71,25,17,24,16
monosh_boss_body_geometry,72,24,16,24,16
monosh_boss_body_geometry,73,24,16,24,16
monosh_boss_body_geometry,74,23,16,23,16
monosh_boss_body_geometry,75,23,16,23,15
monosh_boss_body_geometry,76,22,15,23,15
monosh_boss_body_geometry,77,22,15,22,15
monosh_boss_body_geometry,78,21,15,22,15
monosh_boss_body_geometry,79,21,15,22,14
monosh_boss_body_geometry,80,20,14,21,14
monosh_boss_body_geometry,81,20,14,21,14
monosh_boss_body_geometry,82,19,13,21,14
monosh_boss_body_geometry,83,19,13,21,14
monosh_boss_body_geometry,84,18,12,20,13
monosh_boss_body_geometry,85,18,12,20,13
monosh_boss_body_geometry,86,17,11,20,13
monosh_boss_body_geometry,87,17,11,19,13
monosh_boss_body_geometry,88,16,10,19,13
monosh_boss_body_geometry,89,16,10,19,12
monosh_boss_body_geometry,90,16,10,19,12
monosh_boss_body_geometry,91,16,10,19,12
monosh_boss_body_geometry,92,15,9,18,12
monosh_boss_body_geometry,93,15,9,18,11
monosh_boss_body_geometry,94,15,9,18,11
monosh_boss_body_geometry,95,15,9,18,11
monosh_boss_body_geometry,96,14,8,17,11
monosh_boss_body_geometry,97,14,8,17,11
monosh_boss_body_geometry,98,14,8,17,10
monosh_boss_body_geometry,99,14,8,17,10
monosh_boss_body_geometry,100,14,8,16,10
monosh_boss_body_geometry,101,14,8,16,10
monosh_boss_body_geometry,102,14,8,16,10
monosh_boss_body_geometry,103,14,8,16,9
monosh_boss_body_geometry,104,14,8,15,9
monosh_boss_body_geometry,105,14,8,15,9
monosh_boss_body_geometry,106,14,8,15,9
monosh_boss_body_geometry,107,14,8,15,9
monosh_boss_body_geometry,108,14,8,15,8
monosh_boss_body_geometry,109,14,8,14,8
monosh_boss_body_geometry,110,14,8,14,8
monosh_boss_bom_geometry,0,100,78,100,78
monosh_boss_bom_geometry,1,98,76,97,76
monosh_boss_bom_geometry,2,96,74,94,73
monosh_boss_bom_geometry,3,92,71,91,71
monosh_boss_bom_geometry,4,87,68,88,68
monosh_boss_bom_geometry,5,84,66,85,66
monosh_boss_bom_geometry,6,80,63,82,64
monosh_boss_bom_geometry,7,78,61,79,61
monosh_boss_bom_geometry,8,75,58,76,59
monosh_boss_bom_geometry,9,73,56,73,57
monosh_boss_bom_geometry,10,70,54,71,55
monosh_boss_bom_geometry,11,68,53,68,53
monosh_boss_bom_geometry,12,66,51,66,51
monosh_boss_bom_geometry,13,64,50,64,49
monosh_boss_bom_geometry,14,62,48,62,48
monosh_boss_bom_geometry,15,60,47,60,47
monosh_boss_bom_geometry,16,58,45,58,45
monosh_boss_bom_geometry,17,57,44,56,44
monosh_boss_bom_geometry,18,55,43,55,43
monosh_boss_bom_geometry,19,54,42,53,41
monosh_boss_bom_geometry,20,52,40,52,40
monosh_boss_bom_geometry,21,51,39,50,39
monosh_boss_bom_geometry,22,49,38,49,38
monosh_boss_bom_geometry,23,48,37,47,37
monosh_boss_bom_geometry,24,46,36,46,36
monosh_boss_bom_geometry,25,45,35,45,35
monosh_boss_bom_geometry,26,43,33,44,34
monosh_boss_bom_geometry,27,42,32,43,33
monosh_boss_bom_geometry,28,40,31,41,32
monosh_boss_bom_geometry,29,39,31,40,31
monosh_boss_bom_geometry,30,38,30,39,31
monosh_boss_bom_geometry,31,38,30,39,30
monosh_boss_bom_geometry,32,37,29,38,29
monosh_boss_bom_geometry,33,36,28,37,28
monosh_boss_bom_geometry,34,35,27,36,27
monosh_boss_bom_geometry,35,35,27,35,27
monosh_boss_bom_geometry,36,34,26,34,26
monosh_boss_bom_geometry,37,34,26,33,25
monosh_boss_bom_geometry,38,33,26,32,25
monosh_boss_bom_geometry,39,32,25,31,24
monosh_boss_bom_geometry,40,31,24,30,23
monosh_boss_bom_geometry,41,31,24,29,23
monosh_boss_bom_geometry,42,30,23,28,22
monosh_boss_bom_geometry,43,30,23,28,22
monosh_boss_bom_geometry,44,29,22,27,21
monosh_boss_bom_geometry,45,28,22,26,20
monosh_boss_bom_geometry,46,26,21,25,20
monosh_boss_bom_geometry,47,25,20,25,19
monosh_boss_bom_geometry,48,24,19,24,19
monosh_boss_bom_geometry,49,24,19,23,19
monosh_boss_bom_geometry,50,24,19,23,18
monosh_boss_bom_geometry,51,24,19,23,18
monosh_boss_bom_geometry,52,23,18,22,18
monosh_boss_bom_geometry,53,22,18,22,17
monosh_boss_bom_geometry,54,21,17,21,17
monosh_boss_bom_geometry,55,21,17,21,17
monosh_boss_bom_geometry,56,20,16,21,16
monosh_boss_bom_geometry,57,20,16,20,16
monosh_boss_bom_geometry,58,20,16,20,16
monosh_boss_bom_geometry,59,20,16,19,15
monosh_boss_bom_geometry,60,19,15,19,15
monosh_boss_bom_geometry,61,18,14,19,15
monosh_boss_bom_geometry,62,17,13,18,14
monosh_boss_bom_geometry,63,17,13,17,14
monosh_boss_bom_geometry,64,16,12,17,13
monosh_boss_bom_geometry,65,16,12,16,13
monosh_boss_bom_geometry,66,16,12,16,12
monosh_boss_bom_geometry,67,16,12,15,12
monosh_boss_bom_geometry,68,16,12,15,11
monosh_boss_bom_geometry,69,16,12,14,11
monosh_boss_bom_geometry,70,15,12,14,11
monosh_boss_bom_geometry,71,14,11,13,10
monosh_boss_bom_geometry,72,13,10,13,10
monosh_boss_bom_geometry,73,13,10,13,10
monosh_boss_bom_geometry,74,12,9,12,9
monosh_boss_bom_geometry,75,12,9,12,9
monosh_boss_bom_geometry,76,12,9,12,9
monosh_boss_bom_geometry,77,12,9,11,9
monosh_boss_bom_geometry,78,12,9,11,9
monosh_boss_bom_geometry,79,12,9,11,8
monosh_boss_bom_geometry,80,12,9,11,8
monosh_boss_bom_geometry,81,12,9,10,8
monosh_boss_bom_geometry,82,12,9,10,8
monosh_boss_bom_geometry,83,12,9,10,7
monosh_boss_bom_geometry,84,11,9,10,7
monosh_boss_bom_geometry,85,10,8,9,7
monosh_boss_bom_geometry,86,9,7,9,7
monosh_boss_bom_geometry,87,9,7,9,7
monosh_boss_bom_geometry,88,8,6,9,7
monosh_boss_bom_geometry,89,8,6,8,6
monosh_boss_bom_geometry,90,8,6,8,6
monosh_boss_bom_geometry,91,8,6,8,6
monosh_boss_bom_geometry,92,8,6,8,6
monosh_boss_bom_geometry,93,8,6,8,6
monosh_boss_bom_geometry,94,8,6,7,6
monosh_boss_bom_geometry,95,8,6,7,5
monosh_boss_bom_geometry,96,8,6,7,5
monosh_boss_bom_geometry,97,8,6,7,5
monosh_boss_bom_geometry,98,7,5,7,5
monosh_boss_bom_geometry,99,6,5,6,5
monosh_boss_bom_geometry,100,5,4,6,5
monosh_boss_bom_geometry,101,5,4,6,5
monosh_boss_bom_geometry,102,4,3,6,4
monosh_boss_bom_geometry,103,4,3,6,4
monosh_boss_bom_geometry,104,4,3,5,4
monosh_boss_bom_geometry,105,4,3,5,4
monosh_boss_bom_geometry,106,4,3,5,4
monosh_boss_bom_geometry,107,4,3,5,4
monosh_boss_bom_geometry,108,4,3,4,3
monosh_boss_bom_geometry,109,4,3,4,3
monosh_boss_bom_geometry,110,4,3,4,3
em1_open_pose1,0,32,32,32,32
em1_open_pose1,1,32,32,32,32
em1_open_pose1,2,32,32,32,32
em1_open_pose1,3,32,32,31,32
em1_open_pose1,4,32,32,31,31
em1_open_pose1,5,32,32,31,31
em1_open_pose1,6,32,32,31,31
em1_open_pose1,7,32,32,31,31
em1_open_pose1,8,32,32,31,31
em1_open_pose1,9,32,32,30,31
em1_open_pose1,10,32,32,30,31
em1_open_pose1,11,32,32,30,30
em1_open_pose1,12,32,32,30,30
em1_open_pose1,13,32,32,30,30
em1_open_pose1,14,32,32,29,30
em1_open_pose1,15,32,32,29,30
em1_open_pose1,16,32,32,29,30
em1_open_pose1,17,32,32,29,29
em1_open_pose1,18,32,32,29,29
em1_open_pose1,19,32,32,28,29
em1_open_pose1,20,32,32,28,29
em1_open_pose1,21,32,32,28,29
em1_open_pose1,22,32,32,28,29
em1_open_pose1,23,32,32,28,29
em1_open_pose1,24,32,32,27,28
em1_open_pose1,25,32,32,27,28
em1_open_pose1,26,32,32,27,28
em1_open_pose1,27,32,32,27,28
em1_open_pose1,28,32,32,27,28
em1_open_pose1,29,32,32,27,28
em1_open_pose1,30,32,32,26,28
em1_open_pose1,31,32,32,26,27
em1_open_pose1,32,32,32,26,27
em1_open_pose1,33,32,32,26,27
em1_open_pose1,34,32,32,26,27
em1_open_pose1,35,32,32,25,27
em1_open_pose1,36,32,32,25,27
em1_open_pose1,37,32,32,25,27
em1_open_pose1,38,32,32,25,26
em1_open_pose1,39,32,32,25,26
em1_open_pose1,40,32,32,24,26
em1_open_pose1,41,32,32,24,26
em1_open_pose1,42,32,32,24,26
em1_open_pose1,43,32,32,24,26
em1_open_pose1,44,32,32,24,25
em1_open_pose1,45,32,32,24,25
em1_open_pose1,46,32,32,23,25
em1_open_pose1,47,32,32,23,25
em1_open_pose1,48,32,32,23,25
em1_open_pose1,49,32,32,23,25
em1_open_pose1,50,32,32,23,25
em1_open_pose1,51,32,32,22,24
em1_open_pose1,52,32,32,22,24
em1_open_pose1,53,32,32,22,24
em1_open_pose1,54,20,22,22,24
em1_open_pose1,55,20,22,22,24
em1_open_pose1,56,20,22,22,24
em1_open_pose1,57,20,22,21,23
em1_open_pose1,58,20,22,21,23
em1_open_pose1,59,20,22,21,23
em1_open_pose1,60,20,22,21,23
em1_open_pose1,61,20,22,21,23
em1_open_pose1,62,20,22,21,23
em1_open_pose1,63,20,22,20,22
em1_open_pose1,64,20,22,20,22
em1_open_pose1,65,20,22,20,22
em1_open_pose1,66,20,22,20,22
em1_open_pose1,67,20,22,20,22
em1_open_pose1,68,20,22,20,22
em1_open_pose1,69,20,22,20,21
em1_open_pose1,70,20,22,19,21
em1_open_pose1,71,20,22,19,21
em1_open_pose1,72,20,22,19,21
em1_open_pose1,73,20,22,19,21
em1_open_pose1,74,20,22,19,21
em1_open_pose1,75,20,22,19,20
em1_open_pose1,76,20,22,19,20
em1_open_pose1,77,20,22,18,20
em1_open_pose1,78,20,22,18,20
em1_open_pose1,79,20,22,18,20
em1_open_pose1,80,14,14,18,20
em1_open_pose1,81,14,14,18,19
em1_open_pose1,82,14,14,18,19
em1_open_pose1,83,14,14,18,19
em1_open_pose1,84,14,14,17,19
em1_open_pose1,85,14,14,17,19
em1_open_pose1,86,14,14,17,18
em1_open_pose1,87,14,14,17,18
em1_open_pose1,88,14,14,17,18
em1_open_pose1,89,14,14,17,18
em1_open_pose1,90,14,14,17,18
em1_open_pose1,91,14,14,17,18
em1_open_pose1,92,14,14,16,17
em1_open_pose1,93,14,14,16,17
em1_open_pose1,94,14,14,16,17
em1_open_pose1,95,14,14,16,17
em1_open_pose1,96,14,14,16,17
em1_open_pose1,97,14,14,16,16
em1_open_pose1,98,14,14,16,16
em1_open_pose1,99,14,14,15,16
em1_open_pose1,100,14,14,15,16
em1_open_pose1,101,14,14,15,16
em1_open_pose1,102,14,14,15,15
em1_open_pose1,103,14,14,15,15
em1_open_pose1,104,14,14,15,15
em1_open_pose1,105,14,14,15,15
em1_open_pose1,106,14,14,15,15
em1_open_pose1,107,14,14,14,15
em1_open_pose1,108,14,14,14,14
em1_open_pose1,109,14,14,14,14
em1_open_pose1,110,14,14,14,14
em1_open_pose2,0,34,34,34,34
em1_open_pose2,1,34,34,34,34
em1_open_pose2,2,34,34,34,34
em1_open_pose2,3,34,34,33,33
em1_open_pose2,4,34,34,33,33
em1_open_pose2,5,34,34,33,33
em1_open_pose2,6,34,34,33,33
em1_open_pose2,7,34,34,33,33
em1_open_pose2,8,34,34,33,33
em1_open_pose2,9,34,34,32,32
em1_open_pose2,10,34,34,32,32
em1_open_pose2,11,34,34,32,32
em1_open_pose2,12,34,34,32,32
em1_open_pose2,13,34,34,32,32
em1_open_pose2,14,34,34,31,31
em1_open_pose2,15,34,34,31,31
em1_open_pose2,16,34,34,31,31
em1_open_pose2,17,34,34,31,31
em1_open_pose2,18,34,34,31,31
em1_open_pose2,19,34,34,31,31
em1_open_pose2,20,34,34,30,30
em1_open_pose2,21,34,34,30,30
em1_open_pose2,22,34,34,30,30
em1_open_pose2,23,34,34,30,30
em1_open_pose2,24,34,34,30,30
em1_open_pose2,25,34,34,29,29
em1_open_pose2,26,34,34,29,29
em1_open_pose2,27,34,34,29,29
em1_open_pose2,28,34,34,29,29
em1_open_pose2,29,34,34,29,29
em1_open_pose2,30,34,34,29,29
em1_open_pose2,31,34,34,28,28
em1_open_pose2,32,34,34,28,28
em1_open_pose2,33,34,34,28,28
em1_open_pose2,34,34,34,28,28
em1_open_pose2,35,34,34,28,28
em1_open_pose2,36,34,34,27,27
em1_open_pose2,37,34,34,27,27
em1_open_pose2,38,34,34,27,27
em1_open_pose2,39,34,34,27,27
em1_open_pose2,40,34,34,27,27
em1_open_pose2,41,34,34,27,27
em1_open_pose2,42,34,34,26,26
em1_open_pose2,43,34,34,26,26
em1_open_pose2,44,34,34,26,26
em1_open_pose2,45,34,34,26,26
em1_open_pose2,46,34,34,26,26
em1_open_pose2,47,34,34,25,25
em1_open_pose2,48,34,34,25,25
em1_open_pose2,49,34,34,25,25
em1_open_pose2,50,34,34,25,25
em1_open_pose2,51,34,34,25,25
em1_open_pose2,52,34,34,25,25
em1_open_pose2,53,34,34,24,24
em1_open_pose2,54,22,22,24,24
em1_open_pose2,55,22,22,24,24
em1_open_pose2,56,22,22,24,24
em1_open_pose2,57,22,22,24,24
em1_open_pose2,58,22,22,23,23
em1_open_pose2,59,22,22,23,23
em1_open_pose2,60,22,22,23,23
em1_open_pose2,61,22,22,23,23
em1_open_pose2,62,22,22,23,23
em1_open_pose2,63,22,22,23,23
em1_open_pose2,64,22,22,22,22
em1_open_pose2,65,22,22,22,22
em1_open_pose2,66,22,22,22,22
em1_open_pose2,67,22,22,22,22
em1_open_pose2,68,22,22,22,22
em1_open_pose2,69,22,22,21,21
em1_open_pose2,70,22,22,21,21
em1_open_pose2,71,22,22,21,21
em1_open_pose2,72,22,22,21,21
em1_open_pose2,73,22,22,21,21
em1_open_pose2,74,22,22,21,21
em1_open_pose2,75,22,22,20,20
em1_open_pose2,76,22,22,20,20
em1_open_pose2,77,22,22,20,20
em1_open_pose2,78,22,22,20,20
em1_open_pose2,79,22,22,20,20
em1_open_pose2,80,14,14,19,19
em1_open_pose2,81,14,14,19,19
em1_open_pose2,82,14,14,19,19
em1_open_pose2,83,14,14,19,19
em1_open_pose2,84,14,14,19,19
em1_open_pose2,85,14,14,19,19
em1_open_pose2,86,14,14,18,18
em1_open_pose2,87,14,14,18,18
em1_open_pose2,88,14,14,18,18
em1_open_pose2,89,14,14,18,18
em1_open_pose2,90,14,14,18,18
em1_open_pose2,91,14,14,17,17
em1_open_pose2,92,14,14,17,17
em1_open_pose2,93,14,14,17,17
em1_open_pose2,94,14,14,17,17
em1_open_pose2,95,14,14,17,17
em1_open_pose2,96,14,14,17,17
em1_open_pose2,97,14,14,16,16
em1_open_pose2,98,14,14,16,16
em1_open_pose2,99,14,14,16,16
em1_open_pose2,100,14,14,16,16
em1_open_pose2,101,14,14,16,16
em1_open_pose2,102,14,14,15,15
em1_open_pose2,103,14,14,15,15
em1_open_pose2,104,14,14,15,15
em1_open_pose2,105,14,14,15,15
em1_open_pose2,106,14,14,15,15
em1_open_pose2,107,14,14,15,15
em1_open_pose2,108,14,14,14,14
em1_open_pose2,109,14,14,14,14
em1_open_pose2,110,14,14,14,14
em1_open_pose3,0,42,42,42,42
em1_open_pose3,1,42,42,42,42
em1_open_pose3,2,42,42,42,42
em1_open_pose3,3,42,42,41,41
em1_open_pose3,4,42,42,41,41
em1_open_pose3,5,42,42,41,41
em1_open_pose3,6,42,42,41,41
em1_open_pose3,7,42,42,41,41
em1_open_pose3,8,42,42,40,40
em1_open_pose3,9,42,42,40,40
em1_open_pose3,10,42,42,40,40
em1_open_pose3,11,42,42,40,40
em1_open_pose3,12,42,42,39,39
em1_open_pose3,13,42,42,39,39
em1_open_pose3,14,42,42,39,39
em1_open_pose3,15,42,42,39,39
em1_open_pose3,16,42,42,39,39
em1_open_pose3,17,42,42,38,38
em1_open_pose3,18,42,42,38,38
em1_open_pose3,19,42,42,38,38
em1_open_pose3,20,42,42,38,38
em1_open_pose3,21,42,42,38,38
em1_open_pose3,22,42,42,37,37
em1_open_pose3,23,42,42,37,37
em1_open_pose3,24,42,42,37,37
em1_open_pose3,25,42,42,37,37
em1_open_pose3,26,42,42,37,37
em1_open_pose3,27,42,42,36,36
em1_open_pose3,28,42,42,36,36
em1_open_pose3,29,42,42,36,36
em1_open_pose3,30,42,42,36,36
em1_open_pose3,31,42,42,35,35
em1_open_pose3,32,42,42,35,35
em1_open_pose3,33,42,42,35,35
em1_open_pose3,34,42,42,35,35
em1_open_pose3,35,42,42,35,35
em1_open_pose3,36,42,42,34,34
em1_open_pose3,37,42,42,34,34
em1_open_pose3,38,42,42,34,34
em1_open_pose3,39,42,42,34,34
em1_open_pose3,40,42,42,34,34
em1_open_pose3,41,42,42,33,33
em1_open_pose3,42,42,42,33,33
em1_open_pose3,43,42,42,33,33
em1_open_pose3,44,42,42,33,33
em1_open_pose3,45,42,42,33,33
em1_open_pose3,46,42,42,32,32
em1_open_pose3,47,42,42,32,32
em1_open_pose3,48,42,42,32,32
em1_open_pose3,49,42,42,32,32
em1_open_pose3,50,42,42,31,31
em1_open_pose3,51,42,42,31,31
em1_open_pose3,52,42,42,31,31
em1_open_pose3,53,42,42,31,31
em1_open_pose3,54,28,28,31,31
em1_open_pose3,55,28,28,30,30
em1_open_pose3,56,28,28,30,30
em1_open_pose3,57,28,28,30,30
em1_open_pose3,58,28,28,30,30
em1_open_pose3,59,28,28,30,30
em1_open_pose3,60,28,28,29,29
em1_open_pose3,61,28,28,29,29
em1_open_pose3,62,28,28,29,29
em1_open_pose3,63,28,28,29,29
em1_open_pose3,64,28,28,28,28
em1_open_pose3,65,28,28,28,28
em1_open_pose3,66,28,28,28,28
em1_open_pose3,67,28,28,28,28
em1_open_pose3,68,28,28,28,28
em1_open_pose3,69,28,28,27,27
em1_open_pose3,70,28,28,27,27
em1_open_pose3,71,28,28,27,27
em1_open_pose3,72,28,28,27,27
em1_open_pose3,73,28,28,26,26
em1_open_pose3,74,28,28,26,26
em1_open_pose3,75,28,28,26,26
em1_open_pose3,76,28,28,26,26
em1_open_pose3,77,28,28,26,26
em1_open_pose3,78,28,28,25,25
em1_open_pose3,79,28,28,25,25
em1_open_pose3,80,18,18,25,25
em1_open_pose3,81,18,18,25,25
em1_open_pose3,82,18,18,24,24
em1_open_pose3,83,18,18,24,24
em1_open_pose3,84,18,18,24,24
em1_open_pose3,85,18,18,24,24
em1_open_pose3,86,18,18,23,23
em1_open_pose3,87,18,18,23,23
em1_open_pose3,88,18,18,23,23
em1_open_pose3,89,18,18,23,23
em1_open_pose3,90,18,18,23,23
em1_open_pose3,91,18,18,22,22
em1_open_pose3,92,18,18,22,22
em1_open_pose3,93,18,18,22,22
em1_open_pose3,94,18,18,22,22
em1_open_pose3,95,18,18,21,21
em1_open_pose3,96,18,18,21,21
em1_open_pose3,97,18,18,21,21
em1_open_pose3,98,18,18,21,21
em1_open_pose3,99,18,18,21,21
em1_open_pose3,100,18,18,20,20
em1_open_pose3,101,18,18,20,20
em1_open_pose3,102,18,18,20,20
em1_open_pose3,103,18,18,20,20
em1_open_pose3,104,18,18,19,19
em1_open_pose3,105,18,18,19,19
em1_open_pose3,106,18,18,19,19
em1_open_pose3,107,18,18,19,19
em1_open_pose3,108,18,18,18,18
em1_open_pose3,109,18,18,18,18
em1_open_pose3,110,18,18,18,18
em1_open_pose4,0,48,46,48,46
em1_open_pose4,1,48,46,48,46
em1_open_pose4,2,48,46,47,46
em1_open_pose4,3,48,46,47,45
em1_open_pose4,4,48,46,47,45
em1_open_pose4,5,48,46,47,45
em1_open_pose4,6,48,46,46,45
em1_open_pose4,7,48,46,46,44
em1_open_pose4,8,48,46,46,44
em1_open_pose4,9,48,46,46,44
em1_open_pose4,10,48,46,45,44
em1_open_pose4,11,48,46,45,43
em1_open_pose4,12,48,46,45,43
em1_open_pose4,13,48,46,44,43
em1_open_pose4,14,48,46,44,43
em1_open_pose4,15,48,46,44,42
em1_open_pose4,16,48,46,44,42
em1_open_pose4,17,48,46,43,42
em1_open_pose4,18,48,46,43,42
em1_open_pose4,19,48,46,43,41
em1_open_pose4,20,48,46,42,41
em1_open_pose4,21,48,46,42,41
em1_open_pose4,22,48,46,42,41
em1_open_pose4,23,48,46,42,40
em1_open_pose4,24,48,46,41,40
em1_open_pose4,25,48,46,41,40
em1_open_pose4,26,48,46,41,40
em1_open_pose4,27,48,46,40,39
em1_open_pose4,28,48,46,40,39
em1_open_pose4,29,48,46,40,39
em1_open_pose4,30,48,46,40,39
em1_open_pose4,31,48,46,39,38
em1_open_pose4,32,48,46,39,38
em1_open_pose4,33,48,46,39,38
em1_open_pose4,34,48,46,39,38
em1_open_pose4,35,48,46,38,37
em1_open_pose4,36,48,46,38,37
em1_open_pose4,37,48,46,38,37
em1_open_pose4,38,48,46,37,37
em1_open_pose4,39,48,46,37,36
em1_open_pose4,40,48,46,37,36
em1_open_pose4,41,48,46,37,36
em1_open_pose4,42,48,46,36,36
em1_open_pose4,43,48,46,36,35
em1_open_pose4,44,48,46,36,35
em1_open_pose4,45,48,46,35,35
em1_open_pose4,46,48,46,35,35
em1_open_pose4,47,48,46,35,35
em1_open_pose4,48,48,46,35,34
em1_open_pose4,49,48,46,34,34
em1_open_pose4,50,48,46,34,34
em1_open_pose4,51,48,46,34,34
em1_open_pose4,52,48,46,34,33
em1_open_pose4,53,48,46,33,33
em1_open_pose4,54,30,30,33,33
em1_open_pose4,55,30,30,33,33
em1_open_pose4,56,30,30,33,32
em1_open_pose4,57,30,30,32,32
em1_open_pose4,58,30,30,32,32
em1_open_pose4,59,30,30,32,32
em1_open_pose4,60,30,30,32,31
em1_open_pose4,61,30,30,31,31
em1_open_pose4,62,30,30,31,31
em1_open_pose4,63,30,30,31,31
em1_open_pose4,64,30,30,30,30
em1_open_pose4,65,30,30,30,30
em1_open_pose4,66,30,30,30,30
em1_open_pose4,67,30,30,30,30
em1_open_pose4,68,30,30,30,30
em1_open_pose4,69,30,30,29,29
em1_open_pose4,70,30,30,29,29
em1_open_pose4,71,30,30,29,29
em1_open_pose4,72,30,30,29,29
em1_open_pose4,73,30,30,28,28
em1_open_pose4,74,30,30,28,28
em1_open_pose4,75,30,30,28,28
em1_open_pose4,76,30,30,28,28
em1_open_pose4,77,30,30,27,27
em1_open_pose4,78,30,30,27,27
em1_open_pose4,79,30,30,27,27
em1_open_pose4,80,20,20,27,27
em1_open_pose4,81,20,20,26,27
em1_open_pose4,82,20,20,26,26
em1_open_pose4,83,20,20,26,26
em1_open_pose4,84,20,20,26,26
em1_open_pose4,85,20,20,26,26
em1_open_pose4,86,20,20,25,25
em1_open_pose4,87,20,20,25,25
em1_open_pose4,88,20,20,25,25
em1_open_pose4,89,20,20,25,25
em1_open_pose4,90,20,20,24,25
em1_open_pose4,91,20,20,24,24
em1_open_pose4,92,20,20,24,24
em1_open_pose4,93,20,20,24,24
em1_open_pose4,94,20,20,24,24
em1_open_pose4,95,20,20,23,23
em1_open_pose4,96,20,20,23,23
em1_open_pose4,97,20,20,23,23
em1_open_pose4,98,20,20,23,23
em1_open_pose4,99,20,20,22,22
em1_open_pose4,100,20,20,22,22
em1_open_pose4,101,20,20,22,22
em1_open_pose4,102,20,20,22,22
em1_open_pose4,103,20,20,22,22
em1_open_pose4,104,20,20,21,21
em1_open_pose4,105,20,20,21,21
em1_open_pose4,106,20,20,21,21
em1_open_pose4,107,20,20,21,21
em1_open_pose4,108,20,20,20,20
em1_open_pose4,109,20,20,20,20
em1_open_pose4,110,20,20,20,20
em1_open_pose5,0,52,56,52,56
em1_open_pose5,1,52,56,52,56
em1_open_pose5,2,52,56,51,55
em1_open_pose5,3,52,56,51,55
em1_open_pose5,4,52,56,51,55
em1_open_pose5,5,52,56,51,54
em1_open_pose5,6,52,56,50,54
em1_open_pose5,7,52,56,50,54
em1_open_pose5,8,52,56,50,54
em1_open_pose5,9,52,56,50,53
em1_open_pose5,10,52,56,49,53
em1_open_pose5,11,52,56,49,53
em1_open_pose5,12,52,56,49,52
em1_open_pose5,13,52,56,48,52
em1_open_pose5,14,52,56,48,52
em1_open_pose5,15,52,56,48,51
em1_open_pose5,16,52,56,48,51
em1_open_pose5,17,52,56,47,51
em1_open_pose5,18,52,56,47,50
em1_open_pose5,19,52,56,47,50
em1_open_pose5,20,52,56,47,50
em1_open_pose5,21,52,56,46,50
em1_open_pose5,22,52,56,46,49
em1_open_pose5,23,52,56,46,49
em1_open_pose5,24,52,56,45,49
em1_open_pose5,25,52,56,45,48
em1_open_pose5,26,52,56,45,48
em1_open_pose5,27,52,56,45,48
em1_open_pose5,28,52,56,44,47
em1_open_pose5,29,52,56,44,47
em1_open_pose5,30,52,56,44,47
em1_open_pose5,31,52,56,44,46
em1_open_pose5,32,52,56,43,46
em1_open_pose5,33,52,56,43,46
em1_open_pose5,34,52,56,43,46
em1_open_pose5,35,52,56,42,45
em1_open_pose5,36,52,56,42,45
em1_open_pose5,37,52,56,42,45
em1_open_pose5,38,52,56,42,44
em1_open_pose5,39,52,56,41,44
em1_open_pose5,40,52,56,41,44
em1_open_pose5,41,52,56,41,43
em1_open_pose5,42,52,56,41,43
em1_open_pose5,43,52,56,40,43
em1_open_pose5,44,52,56,40,43
em1_open_pose5,45,52,56,40,42
em1_open_pose5,46,52,56,39,42
em1_open_pose5,47,52,56,39,42
em1_open_pose5,48,52,56,39,41
em1_open_pose5,49,52,56,39,41
em1_open_pose5,50,52,56,38,41
em1_open_pose5,51,52,56,38,40
em1_open_pose5,52,52,56,38,40
em1_open_pose5,53,52,56,38,40
em1_open_pose5,54,34,36,37,40
em1_open_pose5,55,34,36,37,39
em1_open_pose5,56,34,36,37,39
em1_open_pose5,57,34,36,36,39
em1_open_pose5,58,34,36,36,38
em1_open_pose5,59,34,36,36,38
em1_open_pose5,60,34,36,36,38
em1_open_pose5,61,34,36,35,37
em1_open_pose5,62,34,36,35,37
em1_open_pose5,63,34,36,35,37
em1_open_pose5,64,34,36,35,37
em1_open_pose5,65,34,36,34,36
em1_open_pose5,66,34,36,34,36
em1_open_pose5,67,34,36,34,36
em1_open_pose5,68,34,36,33,35
em1_open_pose5,69,34,36,33,35
em1_open_pose5,70,34,36,33,35
em1_open_pose5,71,34,36,33,35
em1_open_pose5,72,34,36,32,34
em1_open_pose5,73,34,36,32,34
em1_open_pose5,74,34,36,32,34
em1_open_pose5,75,34,36,32,33
em1_open_pose5,76,34,36,31,33
em1_open_pose5,77,34,36,31,33
em1_open_pose5,78,34,36,31,33
em1_open_pose5,79,34,36,30,32
em1_open_pose5,80,22,24,30,32
em1_open_pose5,81,22,24,30,32
em1_open_pose5,82,22,24,30,32
em1_open_pose5,83,22,24,29,31
em1_open_pose5,84,22,24,29,31
em1_open_pose5,85,22,24,29,31
em1_open_pose5,86,22,24,29,30
em1_open_pose5,87,22,24,28,30
em1_open_pose5,88,22,24,28,30
em1_open_pose5,89,22,24,28,30
em1_open_pose5,90,22,24,27,29
em1_open_pose5,91,22,24,27,29
em1_open_pose5,92,22,24,27,29
em1_open_pose5,93,22,24,27,29
em1_open_pose5,94,22,24,26,28
em1_open_pose5,95,22,24,26,28
em1_open_pose5,96,22,24,26,28
em1_open_pose5,97,22,24,26,28
em1_open_pose5,98,22,24,25,27
em1_open_pose5,99,22,24,25,27
em1_open_pose5,100,22,24,25,27
em1_open_pose5,101,22,24,24,26
em1_open_pose5,102,22,24,24,26
em1_open_pose5,103,22,24,24,26
em1_open_pose5,104,22,24,24,26
em1_open_pose5,105,22,24,23,25
em1_open_pose5,106,22,24,23,25
em1_open_pose5,107,22,24,23,25
em1_open_pose5,108,22,24,23,25
em1_open_pose5,109,22,24,22,24
em1_open_pose5,110,22,24,22,24
