frame,time,cx,cy,w,h,bbox_area,mask_area,x0,y0,x1,y1
55,41.8,88.0,50.0,79,9,711,229,49,46,127,54
55,41.8,250.5,48.0,26,5,130,53,238,46,263,50
55,41.8,296.0,55.5,15,4,60,28,289,54,303,57
55,41.8,196.5,127.5,18,10,180,71,188,123,205,132
56,41.83,88.0,50.0,79,9,711,229,49,46,127,54
56,41.83,250.5,48.0,26,5,130,53,238,46,263,50
56,41.83,296.0,55.5,15,4,60,28,289,54,303,57
56,41.83,190.5,128.5,10,8,80,35,186,125,195,132
57,41.87,88.0,50.0,79,9,711,229,49,46,127,54
57,41.87,250.5,48.0,26,5,130,53,238,46,263,50
58,41.9,88.0,50.0,79,9,711,229,49,46,127,54
58,41.9,250.5,48.0,26,5,130,53,238,46,263,50
58,41.9,296.0,55.5,15,4,60,28,289,54,303,57
58,41.9,171.0,129.5,9,8,72,27,167,126,175,133
59,41.93,88.0,50.0,79,9,711,229,49,46,127,54
59,41.93,250.5,48.0,26,5,130,53,238,46,263,50
59,41.93,296.0,55.5,15,4,60,28,289,54,303,57
59,41.93,170.0,131.0,19,9,171,45,161,127,179,135
60,41.97,88.0,50.0,79,9,711,229,49,46,127,54
60,41.97,250.5,48.0,26,5,130,53,238,46,263,50
60,41.97,296.0,55.0,15,5,75,29,289,53,303,57
61,42.0,88.0,50.0,79,9,711,229,49,46,127,54
61,42.0,250.5,48.0,26,5,130,53,238,46,263,50
61,42.0,296.0,55.0,15,5,75,29,289,53,303,57
61,42.0,134.5,126.0,66,23,1518,867,102,115,167,137
62,42.03,88.0,50.0,79,9,711,229,49,46,127,54
62,42.03,250.5,48.0,26,5,130,53,238,46,263,50
62,42.03,296.0,55.0,15,5,75,28,289,53,303,57
62,42.03,129.5,127.0,64,23,1472,805,98,116,161,138
63,42.07,88.0,50.0,79,9,711,229,49,46,127,54
63,42.07,250.5,48.0,26,5,130,53,238,46,263,50
63,42.07,296.0,55.0,15,5,75,28,289,53,303,57
63,42.07,139.5,134.5,20,6,120,24,130,132,149,137
64,42.1,88.0,50.0,79,9,711,229,49,46,127,54
64,42.1,250.5,48.0,26,5,130,53,238,46,263,50
64,42.1,296.0,55.0,15,5,75,29,289,53,303,57
65,42.13,88.0,50.0,79,9,711,229,49,46,127,54
65,42.13,250.5,48.0,26,5,130,53,238,46,263,50
65,42.13,297.0,55.5,13,4,52,22,291,54,303,57
66,42.17,88.0,50.0,79,9,711,229,49,46,127,54
66,42.17,250.5,48.0,26,5,130,53,238,46,263,50
66,42.17,297.0,55.5,13,4,52,22,291,54,303,57
66,42.17,141.0,130.0,7,11,77,46,138,125,144,135
67,42.2,88.0,50.0,79,9,711,229,49,46,127,54
67,42.2,250.5,48.0,26,5,130,53,238,46,263,50
67,42.2,297.0,55.5,13,4,52,22,291,54,303,57
67,42.2,145.5,131.0,8,11,88,53,142,126,149,136
68,42.23,88.0,50.0,79,9,711,229,49,46,127,54
68,42.23,250.5,48.0,26,5,130,53,238,46,263,50
68,42.23,297.0,55.5,13,4,52,22,291,54,303,57
68,42.23,11.0,140.5,23,6,138,74,0,138,22,143
69,42.27,88.0,50.0,79,9,711,229,49,46,127,54
69,42.27,250.5,48.0,26,5,130,53,238,46,263,50
70,42.3,88.0,50.0,79,9,711,229,49,46,127,54
70,42.3,250.5,48.0,26,5,130,53,238,46,263,50
70,42.3,8.5,142.0,18,5,90,50,0,140,17,144
71,42.33,88.0,50.0,79,9,711,229,49,46,127,54
71,42.33,250.5,48.0,26,5,130,53,238,46,263,50
72,42.37,88.0,50.0,79,9,711,229,49,46,127,54
72,42.37,250.5,48.0,26,5,130,53,238,46,263,50
73,42.4,88.0,50.0,79,9,711,229,49,46,127,54
73,42.4,250.5,48.0,26,5,130,53,238,46,263,50
74,42.43,88.0,50.0,79,9,711,229,49,46,127,54
74,42.43,250.5,48.0,26,5,130,53,238,46,263,50
75,42.47,88.0,50.0,79,9,711,229,49,46,127,54
75,42.47,250.5,48.0,26,5,130,53,238,46,263,50
76,42.5,88.0,50.0,79,9,711,229,49,46,127,54
76,42.5,250.5,48.0,26,5,130,53,238,46,263,50
76,42.5,296.0,55.0,15,5,75,29,289,53,303,57
76,42.5,178.5,123.5,22,12,264,83,168,118,189,129
77,42.53,88.0,50.0,79,9,711,229,49,46,127,54
77,42.53,250.5,48.0,26,5,130,53,238,46,263,50
77,42.53,296.0,55.0,15,5,75,29,289,53,303,57
78,42.57,88.0,50.0,79,9,711,229,49,46,127,54
78,42.57,250.5,48.0,26,5,130,53,238,46,263,50
79,42.6,88.0,50.0,79,9,711,229,49,46,127,54
79,42.6,250.5,48.0,26,5,130,53,238,46,263,50
79,42.6,295.0,115.5,29,18,522,230,281,107,309,124
79,42.6,165.5,130.0,24,13,312,64,154,124,177,136
80,42.63,88.0,50.0,79,9,711,229,49,46,127,54
80,42.63,250.5,48.0,26,5,130,53,238,46,263,50
80,42.63,296.0,107.0,47,27,1269,149,273,94,319,120
80,42.63,20.0,125.5,41,22,902,255,0,115,40,136
80,42.63,161.0,128.0,9,15,135,76,157,121,165,135
81,42.67,88.0,50.0,79,9,711,229,49,46,127,54
81,42.67,250.5,48.0,26,5,130,53,238,46,263,50
81,42.67,296.0,107.5,47,28,1316,184,273,94,319,121
82,42.7,88.0,50.0,79,9,711,229,49,46,127,54
82,42.7,250.5,48.0,26,5,130,53,238,46,263,50
82,42.7,301.0,113.5,37,24,888,236,283,102,319,125
83,42.73,88.0,50.0,79,9,711,229,49,46,127,54
83,42.73,250.5,48.0,26,5,130,53,238,46,263,50
83,42.73,304.5,109.5,30,20,600,245,290,100,319,119
83,42.73,311.0,140.5,13,4,52,26,305,139,317,142
84,42.77,88.0,50.0,79,9,711,229,49,46,127,54
84,42.77,72.5,129.0,146,25,3650,1299,0,117,145,141
84,42.77,296.0,138.0,19,5,95,35,287,136,305,140
86,42.83,88.0,50.0,79,9,711,229,49,46,127,54
86,42.83,252.0,70.0,29,49,1421,438,238,46,266,94
86,42.83,297.0,55.5,13,4,52,23,291,54,303,57
86,42.83,288.5,135.5,16,4,64,38,281,134,296,137
87,42.87,88.0,50.0,79,9,711,229,49,46,127,54
88,42.9,88.0,50.0,79,9,711,229,49,46,127,54
88,42.9,237.0,68.5,41,34,1394,242,217,52,257,85
88,42.9,106.0,125.0,213,21,4473,2358,0,115,212,135
88,42.9,277.5,132.5,18,4,72,37,269,131,286,134
89,42.93,88.0,50.0,79,9,711,229,49,46,127,54
89,42.93,291.5,106.5,48,10,480,237,268,102,315,111
89,42.93,80.5,122.0,162,23,3726,1412,0,111,161,133
90,42.97,88.0,50.0,79,9,711,229,49,46,127,54
90,42.97,251.0,48.5,25,4,100,51,239,47,263,50
90,42.97,207.0,70.5,31,28,868,233,192,57,222,84
90,42.97,19.5,116.0,40,19,760,287,0,107,39,125
90,42.97,131.0,124.5,25,10,250,28,119,120,143,129
91,43.0,88.0,50.0,79,9,711,229,49,46,127,54
91,43.0,250.5,48.0,26,5,130,55,238,46,263,50
91,43.0,297.0,55.5,13,4,52,22,291,54,303,57
91,43.0,203.5,71.0,32,27,864,227,188,58,219,84
91,43.0,26.5,118.5,54,22,1188,427,0,108,53,129
91,43.0,181.5,129.5,20,8,160,115,172,126,191,133
92,43.03,186.5,64.5,34,40,1360,284,170,45,203,84
92,43.03,88.0,50.0,79,9,711,229,49,46,127,54
92,43.03,250.5,48.0,26,5,130,55,238,46,263,50
92,43.03,297.0,55.5,13,4,52,22,291,54,303,57
92,43.03,69.0,118.0,139,19,2641,936,0,109,138,127
93,43.07,177.5,62.0,36,35,1260,349,160,45,195,79
93,43.07,88.0,50.0,79,9,711,229,49,46,127,54
93,43.07,250.5,48.0,26,5,130,55,238,46,263,50
94,43.1,163.5,62.0,34,35,1190,368,147,45,180,79
94,43.1,88.0,50.0,79,9,711,225,49,46,127,54
94,43.1,250.5,48.0,26,5,130,55,238,46,263,50
94,43.1,297.0,55.5,13,4,52,22,291,54,303,57
94,43.1,279.0,114.0,81,21,1701,906,239,104,319,124
95,43.13,110.0,62.0,123,35,4305,607,49,45,171,79
95,43.13,250.5,48.0,26,5,130,55,238,46,263,50
95,43.13,297.0,55.5,13,4,52,22,291,54,303,57
95,43.13,280.0,113.0,79,21,1659,863,241,103,319,123
95,43.13,84.5,116.5,48,12,576,99,61,111,108,122
95,43.13,210.5,127.0,14,11,154,63,204,122,217,132
96,43.17,108.0,59.5,119,30,3570,562,49,45,167,74
96,43.17,250.5,48.0,26,5,130,55,238,46,263,50
96,43.17,297.0,55.5,13,4,52,22,291,54,303,57
96,43.17,174.0,118.0,13,5,65,38,168,116,180,120
98,43.23,22.5,116.5,12,12,144,48,17,111,28,122
99,43.27,108.0,59.5,119,30,3570,551,49,45,167,74
99,43.27,250.5,48.0,26,5,130,55,238,46,263,50
99,43.27,297.0,55.5,13,4,52,22,291,54,303,57
99,43.27,12.5,106.5,26,18,468,214,0,98,25,115
99,43.27,168.0,111.5,27,8,216,131,155,108,181,115
100,43.3,108.0,52.5,119,16,1904,393,49,45,167,60
100,43.3,250.5,48.0,26,5,130,55,238,46,263,50
100,43.3,297.0,55.5,13,4,52,22,291,54,303,57
101,43.33,108.0,52.5,119,16,1904,393,49,45,167,60
101,43.33,250.5,48.0,26,5,130,55,238,46,263,50
101,43.33,297.0,55.5,13,4,52,22,291,54,303,57
101,43.33,113.5,109.5,54,10,540,113,87,105,140,114
101,43.33,40.0,109.5,13,8,104,31,34,106,46,113
101,43.33,177.5,109.5,42,6,252,74,157,107,198,112
102,43.37,108.0,52.5,119,16,1904,393,49,45,167,60
102,43.37,250.5,48.0,26,5,130,55,238,46,263,50
102,43.37,297.0,55.5,13,4,52,22,291,54,303,57
102,43.37,247.0,117.0,59,25,1475,712,218,105,276,129
103,43.4,108.0,52.5,119,16,1904,393,49,45,167,60
103,43.4,250.5,48.0,26,5,130,55,238,46,263,50
103,43.4,297.0,55.5,13,4,52,22,291,54,303,57
103,43.4,153.0,103.5,17,8,136,31,145,100,161,107
103,43.4,250.0,114.5,53,28,1484,849,224,101,276,128
103,43.4,78.5,106.5,6,8,48,18,76,103,81,110
104,43.43,108.0,52.5,119,16,1904,393,49,45,167,60
104,43.43,250.5,48.0,26,5,130,55,238,46,263,50
104,43.43,297.0,55.5,13,4,52,22,291,54,303,57
104,43.43,193.5,102.0,20,15,300,97,184,95,203,109
104,43.43,96.5,105.0,34,11,374,73,80,100,113,110
104,43.43,153.0,103.5,15,8,120,27,146,100,160,107
104,43.43,250.5,116.5,54,22,1188,876,224,106,277,127
105,43.47,108.0,52.5,119,16,1904,393,49,45,167,60
105,43.47,250.5,48.0,26,5,130,55,238,46,263,50
105,43.47,297.0,55.0,13,5,65,23,291,53,303,57
105,43.47,94.0,106.5,11,6,66,28,89,104,99,109
106,43.5,112.0,57.5,127,26,3302,456,49,45,175,70
106,43.5,250.5,48.0,26,5,130,55,238,46,263,50
106,43.5,297.0,55.0,13,5,65,23,291,53,303,57
106,43.5,265.5,107.5,108,30,3240,1217,212,93,319,122
107,43.53,108.0,53.0,119,17,2023,419,49,45,167,61
107,43.53,250.5,48.0,26,5,130,55,238,46,263,50
107,43.53,297.0,55.5,13,4,52,22,291,54,303,57
107,43.53,17.5,109.5,36,16,576,92,0,102,35,117
107,43.53,249.5,110.0,52,13,676,141,224,104,275,116
107,43.53,112.0,111.0,17,9,153,49,104,107,120,115
107,43.53,159.5,110.5,12,8,96,48,154,107,165,114
108,43.57,108.0,53.0,119,17,2023,419,49,45,167,61
108,43.57,250.5,48.0,26,5,130,55,238,46,263,50
108,43.57,153.5,111.0,28,7,196,63,140,108,167,114
108,43.57,43.0,113.5,9,10,90,26,39,109,47,118
110,43.63,250.5,48.0,26,5,130,55,238,46,263,50
110,43.63,297.5,55.5,12,4,48,21,292,54,303,57
110,43.63,268.5,90.0,70,15,1050,448,234,83,303,97
111,43.67,108.0,61.0,119,33,3927,435,49,45,167,77
111,43.67,250.5,48.0,26,5,130,55,238,46,263,50
111,43.67,297.5,55.5,12,4,48,21,292,54,303,57
111,43.67,269.0,94.5,69,8,552,374,235,91,303,98
111,43.67,146.5,117.0,108,9,972,237,93,113,200,121
112,43.7,108.0,60.5,119,32,3808,642,49,45,167,76
112,43.7,250.5,48.0,26,5,130,55,238,46,263,50
112,43.7,297.5,55.5,12,4,48,21,292,54,303,57
112,43.7,269.0,96.5,67,8,536,355,236,93,302,100
112,43.7,126.0,119.5,15,4,60,30,119,118,133,121
113,43.73,107.0,56.5,117,22,2574,462,49,46,165,67
113,43.73,250.5,48.0,26,5,130,55,238,46,263,50
113,43.73,297.5,55.5,12,4,48,21,292,54,303,57
113,43.73,200.0,96.5,11,10,110,43,195,92,205,101
113,43.73,269.0,97.5,67,8,536,340,236,94,302,101
113,43.73,91.0,119.0,35,11,385,94,74,114,108,124
113,43.73,137.0,120.5,19,4,76,42,128,119,146,122
114,43.77,107.0,61.5,117,32,3744,532,49,46,165,77
114,43.77,250.5,48.0,26,5,130,55,238,46,263,50
114,43.77,297.5,55.5,12,4,48,21,292,54,303,57
114,43.77,198.5,97.5,10,8,80,32,194,94,203,101
114,43.77,270.5,98.0,66,9,594,375,238,94,303,102
114,43.77,104.5,115.5,14,6,84,28,98,113,111,118
116,43.83,107.0,65.0,117,39,4563,468,49,46,165,84
116,43.83,166.0,123.0,21,11,231,81,156,118,176,128
117,43.87,250.5,48.0,26,5,130,55,238,46,263,50
117,43.87,297.5,55.5,12,4,48,21,292,54,303,57
118,43.9,90.0,50.0,83,9,747,237,49,46,131,54
118,43.9,250.5,48.0,26,5,130,55,238,46,263,50
118,43.9,297.5,55.5,12,4,48,21,292,54,303,57
118,43.9,153.5,102.5,48,56,2688,235,130,75,177,130
119,43.93,90.0,50.0,83,9,747,237,49,46,131,54
119,43.93,250.5,48.0,26,5,130,55,238,46,263,50
119,43.93,297.5,55.5,12,4,48,21,292,54,303,57
119,43.93,151.5,111.5,32,42,1344,186,136,91,167,132
119,43.93,205.5,111.5,16,8,128,63,198,108,213,115
120,43.97,90.0,50.0,83,9,747,237,49,46,131,54
120,43.97,250.5,48.0,26,5,130,55,238,46,263,50
120,43.97,297.5,55.5,12,4,48,21,292,54,303,57
120,43.97,151.5,115.0,36,37,1332,122,134,97,169,133
120,43.97,199.5,111.0,12,5,60,24,194,109,205,113
121,44.0,88.0,50.0,79,9,711,230,49,46,127,54
121,44.0,250.5,48.0,26,5,130,55,238,46,263,50
121,44.0,297.5,55.5,12,4,48,21,292,54,303,57
121,44.0,184.0,87.5,23,12,276,109,173,82,195,93
121,44.0,199.5,112.0,12,5,60,26,194,110,205,114
121,44.0,154.0,122.5,35,24,840,123,137,111,171,134
122,44.03,261.0,135.5,29,6,174,81,247,133,275,138
123,44.07,162.0,106.5,53,64,3392,328,136,75,188,138
124,44.1,168.5,106.0,62,75,4650,410,138,69,199,143
126,44.17,169.5,74.5,24,28,672,422,158,61,181,88
126,44.17,157.0,142.0,43,33,1419,126,136,126,178,158
127,44.2,170.0,75.0,21,31,651,445,160,60,180,90
127,44.2,225.0,107.5,17,4,68,24,217,106,233,109
127,44.2,164.5,139.5,58,42,2436,485,136,119,193,160
128,44.23,167.5,73.0,32,31,992,520,152,58,183,88
128,44.23,168.0,146.0,65,39,2535,463,136,127,200,165
129,44.27,164.5,72.0,46,27,1242,708,142,59,187,85
129,44.27,152.5,149.5,34,32,1088,112,136,134,169,165
130,44.3,164.0,71.5,47,28,1316,742,141,58,187,85
130,44.3,201.5,131.5,8,14,112,50,198,125,205,138
130,44.3,152.5,149.5,34,32,1088,222,136,134,169,165
131,44.33,160.5,82.5,66,44,2904,1181,128,61,193,104
131,44.33,152.5,145.5,34,40,1360,127,136,126,169,165
132,44.37,158.5,77.0,66,51,3366,1410,126,52,191,102
132,44.37,200.5,130.5,8,8,64,41,197,127,204,134
132,44.37,153.5,149.5,48,32,1536,259,130,134,177,165
133,44.4,157.0,78.0,77,45,3465,971,119,56,195,100
133,44.4,177.0,149.5,29,32,928,104,163,134,191,165
133,44.4,270.5,141.5,98,12,1176,759,222,136,319,147
133,44.4,8.0,152.0,17,5,85,50,0,150,16,154
134,44.43,152.0,77.0,87,47,4089,1098,109,54,195,100
134,44.43,187.0,149.5,31,32,992,116,172,134,202,165
135,44.47,175.5,92.0,40,11,440,172,156,87,195,97
136,44.5,168.0,90.0,41,11,451,180,148,85,188,95
136,44.5,153.5,156.5,12,4,48,38,148,155,159,158
137,44.53,167.5,86.0,40,21,840,274,148,76,187,96
137,44.53,157.5,141.5,100,48,4800,1209,108,118,207,165
138,44.57,162.5,80.0,42,31,1302,396,142,65,183,95
138,44.57,234.5,143.5,118,42,4956,927,176,123,293,164
139,44.6,162.5,80.5,38,32,1216,483,144,65,181,96
140,44.63,160.0,74.5,31,42,1302,753,145,54,175,95
141,44.67,157.5,71.5,32,48,1536,923,142,48,173,95
141,44.67,136.0,161.5,17,4,68,43,128,160,144,163
142,44.7,156.5,70.5,42,52,2184,1438,136,45,177,96
143,44.73,150.5,68.5,50,48,2400,1497,126,45,175,92
146,44.83,136.5,124.0,94,31,2914,1261,90,109,183,139
146,44.83,230.5,148.5,18,34,612,143,222,132,239,165
146,44.83,86.5,162.5,30,6,180,78,72,160,101,165
148,44.9,258.5,146.5,34,38,1292,213,242,128,275,165
149,44.93,269.5,145.0,40,41,1640,227,250,125,289,165
150,44.97,287.5,146.5,64,38,2432,467,256,128,319,165
