track,n,frame_min,frame_max,x0,x1,y0,y1,area0,area1,max_area,score
18,150,1,150,194.0,26.79,90.0,188.86,9,28,245,889.64
273,27,67,93,267.71,78.17,188.86,156.33,7,6,60,858.37
156,115,36,150,278.17,168.38,132.5,125.12,6,8,1174,815.71
155,21,36,56,308.87,194.25,126.82,178.88,114,16,121,732.99
270,84,67,150,225.14,113.6,127.29,50.8,7,5,1465,653.51
334,65,82,146,265.6,170.41,147.4,130.63,5,49,318,646.78
22,150,1,150,182.89,129.14,111.18,219.29,196,7,196,583.71
54,150,1,150,283.71,283.75,206.5,206.46,28,28,28,567.43
329,65,82,146,248.1,167.73,105.4,122.74,10,178,314,567.31
297,73,76,148,258.0,194.14,122.75,129.43,12,7,1371,555.07
189,14,47,60,260.9,169.73,128.1,133.53,106,15,106,550.58
180,50,44,93,234.4,154.29,166.8,170.19,5,31,162,509.13
56,150,1,150,216.5,192.0,213.0,213.0,6,7,8,506.5
145,120,31,150,267.7,282.3,189.2,161.2,10,20,52,475.4
274,32,68,99,217.83,126.0,129.0,121.0,6,8,94,475.17
6,150,1,150,109.6,26.0,51.2,48.0,5,5,6,470.8
190,11,47,57,248.62,179.43,129.54,127.96,13,23,49,426.77
393,22,95,116,156.0,12.43,117.95,148.57,21,7,37,410.91
31,150,1,150,196.91,199.2,137.91,219.4,11,5,35,395.62
29,150,1,150,87.4,30.5,125.4,192.5,5,8,23,390.7
250,20,60,79,224.25,160.16,155.88,178.59,8,32,36,380.78
55,150,1,150,176.0,167.43,213.0,219.29,7,7,7,377.71
36,150,1,150,86.9,36.1,154.1,188.1,10,20,31,372.4
25,150,1,150,165.83,155.0,111.67,219.25,18,8,32,367.17
66,12,3,14,220.56,154.0,84.78,46.0,9,5,47,365.98
28,150,1,150,178.36,177.0,120.64,219.25,14,8,103,362.59
420,7,100,106,213.0,112.74,118.6,101.97,5,31,31,360.77
220,5,52,56,285.5,262.2,171.8,131.4,10,5,22,352.4
286,8,72,79,220.5,156.74,149.33,126.58,6,19,19,348.29
154,116,35,150,192.6,182.28,161.8,149.82,5,120,120,348.17
219,5,52,56,291.83,274.22,169.33,156.56,6,9,9,346.5
346,23,88,110,257.17,207.0,115.33,82.17,6,6,197,330.83
119,19,18,36,123.0,2.47,131.0,91.6,5,15,18,319.6
172,12,43,54,178.29,99.25,120.64,64.5,14,12,27,318.28
179,6,44,49,198.4,128.93,164.2,184.21,5,14,24,317.21
5,150,1,150,105.5,73.6,51.0,51.2,6,5,6,316.0
216,5,52,56,295.37,298.4,132.42,148.8,19,5,19,304.94
11,14,1,14,188.46,132.4,74.59,62.6,106,5,134,303.41
39,27,1,27,110.0,0.6,154.0,148.4,5,5,23,302.2
217,5,52,56,295.4,311.5,151.6,150.0,5,8,14,300.8
58,150,1,150,148.8,188.83,219.6,219.33,5,6,6,300.0
263,30,64,93,184.5,128.4,128.0,169.2,6,5,32,297.6
296,5,76,80,179.13,105.0,123.6,130.0,30,13,43,295.77
192,10,47,56,271.25,260.29,150.0,124.23,8,102,102,295.37
4,150,1,150,101.6,77.4,51.2,51.2,5,5,6,292.6
218,5,52,56,290.6,297.17,155.8,180.33,5,6,8,291.2
191,11,47,57,260.54,246.5,150.15,104.0,13,6,20,287.29
256,32,62,93,157.88,89.33,132.5,111.83,8,6,144,285.98
337,17,83,99,275.17,301.92,87.0,165.77,6,13,33,284.33
186,11,46,56,277.4,295.71,149.2,152.43,5,7,46,276.8
26,150,1,150,42.0,23.25,113.0,202.12,5,16,61,276.25
476,31,116,146,215.71,163.24,71.43,117.26,7,50,372,270.85
129,31,24,54,176.5,125.12,158.0,68.38,6,8,80,269.12
176,6,44,49,223.8,187.39,137.8,182.33,5,18,36,268.83
479,17,117,133,210.88,147.7,115.32,65.08,25,37,320,265.29
298,5,76,80,254.6,243.17,125.2,156.67,5,6,9,253.5
10,133,1,133,47.22,26.0,53.22,48.0,9,5,9,250.87
114,5,13,17,267.33,267.7,189.0,189.2,15,10,15,246.17
367,9,91,99,201.95,135.67,45.45,80.0,22,6,48,245.57
35,9,1,9,122.46,26.67,154.86,148.33,37,6,42,234.68
195,10,47,56,254.88,294.0,165.25,180.17,8,6,37,230.35
161,14,36,49,207.0,177.69,164.0,177.38,5,29,50,229.93
285,8,72,79,196.5,156.6,131.25,148.6,8,5,16,229.6
177,13,44,56,250.0,251.0,154.5,172.83,10,42,84,226.0
153,102,35,136,160.0,276.17,158.0,146.33,5,12,186,224.0
8,121,1,121,117.4,97.4,51.2,51.2,5,5,27,222.0
59,93,1,93,167.83,188.83,219.33,219.33,6,6,6,221.67
13,14,1,14,178.53,133.16,86.92,46.93,38,43,46,221.14
2,150,1,150,26.8,26.67,51.2,51.33,5,6,6,220.4
9,150,1,150,23.57,23.5,52.29,52.5,7,8,8,220.21
0,150,1,150,40.4,47.83,49.2,53.33,5,6,6,220.0
1,150,1,150,30.5,30.69,52.12,51.75,16,16,17,220.0
3,150,1,150,97.4,117.5,51.2,51.0,5,6,6,220.0
57,150,1,150,129.6,135.8,219.2,219.4,5,5,6,220.0
159,14,36,49,194.38,160.5,153.62,181.0,8,6,23,218.97
60,79,1,79,177.83,188.83,219.33,219.33,6,6,6,213.67
14,5,1,5,202.64,175.2,89.59,60.8,22,5,22,202.68
17,14,1,14,183.71,149.69,90.71,67.69,7,16,80,197.51
41,9,1,9,110.4,24.38,157.4,202.62,5,8,54,196.08
173,7,43,49,174.4,130.37,124.4,165.32,5,57,57,194.89
178,13,44,56,202.86,182.2,154.86,172.0,7,5,42,194.29
62,49,1,49,198.0,198.0,219.25,219.25,8,8,8,194.0
86,50,5,54,147.57,117.58,105.29,74.53,7,19,24,189.98
271,27,67,93,148.67,103.42,130.17,175.5,6,12,48,189.75
61,56,1,56,188.83,198.0,219.33,219.25,6,8,8,189.67
198,9,48,56,235.6,249.17,180.4,150.27,5,30,55,189.2
152,22,35,56,211.43,204.1,154.43,180.4,7,10,86,188.84
347,12,88,99,271.4,307.4,141.7,164.2,10,5,22,188.3
272,34,67,100,207.71,318.67,155.71,170.83,7,6,35,183.73
284,8,72,79,194.2,167.88,127.4,156.94,5,16,16,183.37
341,14,86,99,265.94,306.45,142.44,158.95,16,22,40,179.88
214,5,52,56,205.0,186.38,130.43,163.5,7,8,8,175.88
466,6,112,117,271.0,294.4,127.17,146.2,6,5,17,174.3
160,21,36,56,213.2,248.4,163.4,179.8,10,5,21,169.9
7,121,1,121,113.5,117.4,51.0,51.2,6,5,19,162.3
283,9,71,79,181.8,155.71,152.4,152.71,5,21,24,159.86
12,5,1,5,206.6,194.47,73.8,46.86,15,74,74,159.58
188,12,47,58,207.55,240.1,97.28,94.98,198,162,198,149.89
130,32,25,56,192.5,218.0,155.67,182.0,6,9,52,149.0
357,11,89,99,253.2,311.8,153.0,154.4,5,15,22,148.4
254,8,62,69,154.6,114.93,128.8,130.14,5,14,18,144.21
174,7,43,49,160.4,125.35,149.4,176.05,5,40,40,139.95
351,5,89,93,196.0,157.35,116.0,151.07,5,57,57,137.95
441,13,107,119,245.8,310.57,122.4,146.71,5,7,16,137.6
475,7,115,121,251.5,251.5,193.0,193.0,8,8,8,137.0
348,7,88,94,246.8,262.17,149.4,143.33,5,6,18,127.6
391,43,95,137,71.5,6.73,113.33,158.55,6,11,141,120.32
392,22,95,116,92.7,13.96,118.33,154.04,40,49,49,120.22
132,8,26,33,87.0,29.33,122.5,106.0,6,6,14,109.0
325,7,81,87,156.86,130.38,129.36,144.12,14,8,36,108.96
507,23,128,150,88.0,14.4,141.38,161.2,8,5,22,107.7
362,5,90,94,237.0,304.5,151.86,153.0,7,6,12,104.3
360,5,89,93,165.5,119.33,165.5,176.56,8,52,52,99.52
43,9,1,9,54.04,2.5,166.13,191.0,23,6,31,97.73
149,25,32,56,173.43,213.0,160.43,183.83,7,6,43,97.16
527,13,138,150,78.17,1.17,157.33,193.33,6,6,22,97.0
27,14,1,14,55.12,7.24,116.5,96.86,8,29,29,91.65
355,5,89,93,162.0,117.0,143.88,139.75,8,8,9,89.0
366,5,90,94,90.3,12.0,165.8,193.0,10,5,19,86.4
121,5,18,22,187.83,202.8,160.33,157.4,6,5,9,85.97
524,16,135,150,82.0,11.0,152.5,172.22,6,9,17,85.0
175,7,43,49,180.2,177.57,168.7,183.14,10,7,16,83.19
73,5,4,8,72.6,22.62,124.0,173.85,5,39,46,79.95
327,7,81,87,153.2,134.38,132.8,162.69,5,13,14,76.85
45,8,1,8,70.62,29.8,170.12,192.8,16,5,24,61.78
526,5,136,140,208.8,205.67,145.2,163.92,5,12,18,57.0
46,8,1,8,61.7,23.71,172.8,192.57,10,7,24,50.86
42,9,1,9,58.38,21.5,161.54,202.5,13,8,56,50.15
525,9,135,143,205.73,208.5,164.36,196.0,11,10,17,49.75
545,6,145,150,206.5,267.95,196.0,134.61,6,208,213,45.0
201,6,49,54,125.45,90.11,86.0,68.44,22,9,22,41.93
20,6,1,6,40.6,4.79,103.4,92.82,25,28,28,39.44
202,6,49,54,116.7,82.5,89.6,71.5,10,12,31,34.6
70,6,3,8,38.2,5.33,159.6,186.5,5,12,12,30.6
30,8,1,8,107.0,76.29,131.75,153.68,8,28,38,28.14
449,7,108,114,58.14,0.4,132.71,147.0,7,5,32,27.83
38,8,1,8,105.6,76.17,155.3,160.33,10,6,27,25.5
354,5,89,93,168.42,152.6,145.28,176.8,36,5,36,23.58
21,5,1,5,50.85,20.43,103.46,104.93,13,14,14,21.25
40,8,1,8,81.4,53.2,158.2,151.6,5,5,18,20.6
99,5,10,14,154.5,168.87,74.0,46.07,6,15,15,19.0
143,6,30,35,40.5,12.0,185.0,193.0,6,5,6,17.8
481,15,119,133,179.0,222.6,88.5,143.2,6,5,22,8.3
19,15,1,15,17.4,2.71,100.15,89.29,48,7,48,6.34
540,7,144,150,186.0,258.1,127.0,163.2,5,10,26,6.0
282,9,71,79,123.52,103.44,135.48,178.94,31,18,31,2.12
461,7,111,117,153.35,135.29,112.13,119.93,23,14,23,-2.42
37,8,1,8,93.2,73.8,153.8,176.2,10,5,22,-4.3
499,6,126,131,181.12,203.73,71.0,114.36,8,11,64,-5.75
504,5,127,131,181.8,237.75,133.8,147.0,5,8,24,-6.4
72,6,3,8,30.57,11.26,170.86,181.79,7,39,39,-10.05
71,6,3,8,34.7,20.5,165.15,182.0,40,8,50,-15.8
48,8,1,8,36.5,24.38,188.17,202.62,24,8,24,-22.83
69,6,3,8,35.8,21.04,148.2,151.0,5,49,49,-23.72
200,27,48,74,12.5,36.5,193.0,188.36,6,22,26,-26.0
15,16,1,16,7.12,4.83,90.38,99.33,52,6,63,-27.35
49,8,1,8,28.3,17.27,188.5,189.55,20,11,20,-28.22
109,6,11,16,129.29,117.43,135.43,131.14,7,7,11,-32.43
50,8,1,8,32.0,21.5,192.0,202.5,5,8,8,-32.5
358,5,89,93,141.53,132.4,162.42,180.2,19,5,21,-38.42
543,7,144,150,73.2,37.8,163.2,192.8,5,5,20,-39.8
434,11,106,116,36.0,6.18,134.0,149.88,5,17,18,-48.53
137,15,28,42,12.0,36.07,193.0,188.53,5,15,27,-50.0
321,14,80,93,4.28,78.79,120.77,112.16,47,107,133,-52.0
439,9,107,115,34.18,5.2,118.45,149.6,11,5,23,-53.25
503,6,126,131,153.7,153.67,152.8,159.67,10,9,10,-60.2
323,8,80,87,22.05,113.07,123.89,124.2,19,15,97,-62.8
51,8,1,8,13.5,16.5,193.0,179.0,8,6,29,-63.4
322,5,80,84,11.82,83.33,121.17,122.36,40,90,126,-70.0
447,43,108,150,66.0,254.25,111.5,168.15,6,20,208,-74.0
422,6,101,106,137.6,115.96,76.4,105.91,5,23,32,-83.07
359,5,89,93,109.36,92.77,164.69,177.77,36,13,36,-93.32
353,5,89,93,91.0,72.9,126.0,166.36,5,87,87,-95.69
356,5,89,93,113.29,98.0,151.86,178.0,7,5,9,-103.54
436,10,107,116,7.88,18.57,104.55,172.71,116,7,116,-107.3
438,9,107,115,18.69,8.33,112.85,147.83,13,6,31,-108.82
450,7,108,114,72.57,66.8,132.43,120.2,7,5,115,-128.09
440,9,107,115,3.56,4.6,122.0,152.8,16,5,19,-138.7
437,10,107,116,1.14,24.67,111.86,171.5,7,6,89,-139.7
514,9,128,136,21.43,37.83,202.29,192.67,7,6,7,-141.7
410,9,98,106,0.79,106.38,105.37,102.5,19,32,61,-142.0
522,9,135,143,113.6,113.6,50.8,50.8,5,5,5,-142.0
459,6,109,114,1.0,10.33,152.0,145.87,9,15,43,-148.0
349,5,89,93,0.73,76.28,112.87,123.78,15,18,18,-150.0
350,5,89,93,8.9,89.53,116.7,174.0,10,17,38,-150.0
352,5,89,93,1.5,65.8,124.5,177.0,8,10,102,-150.0
