track,frame,time,cx,cy,w,h,area,x0,y0,x1,y1,mean_r,mean_g,mean_b
18,1,40.0,194.0,90.0,9,1,9,190,90,198,90,211.56,209.22,227.44
18,2,40.03,182.52,111.09,26,17,212,172,104,197,120,219.35,154.12,96.24
18,3,40.07,182.45,110.99,26,17,216,172,104,197,120,217.3,154.19,96.92
18,4,40.1,182.02,111.78,26,19,237,172,104,197,122,214.98,151.48,98.83
18,5,40.13,182.38,111.5,25,20,235,173,103,197,122,217.51,152.84,97.03
18,6,40.17,182.09,111.13,26,21,245,172,102,197,122,217.21,151.8,101.18
18,7,40.2,183.07,110.31,26,18,245,172,103,197,120,211.22,155.91,95.49
18,8,40.23,182.68,110.83,26,18,209,172,103,197,120,214.52,153.47,91.95
18,9,40.27,183.15,110.81,24,18,200,174,103,197,120,215.06,150.31,86.18
18,10,40.3,183.32,110.95,24,17,195,174,104,197,120,218.74,147.28,82.38
18,11,40.33,183.08,111.02,25,17,202,173,104,197,120,221.43,148.9,89.16
18,12,40.37,183.08,111.02,25,17,202,173,104,197,120,219.77,148.99,88.77
18,13,40.4,183.08,111.02,25,17,202,173,104,197,120,219.63,149.03,88.78
18,14,40.43,183.08,111.02,25,17,202,173,104,197,120,219.54,149.19,88.88
18,15,40.47,183.08,111.02,25,17,202,173,104,197,120,219.54,149.19,88.88
18,16,40.5,183.08,111.02,25,17,202,173,104,197,120,219.54,149.19,88.88
18,17,40.53,183.08,111.02,25,17,202,173,104,197,120,219.54,149.19,88.9
18,18,40.57,183.08,111.02,25,17,202,173,104,197,120,219.54,149.19,88.9
18,19,40.6,183.08,111.02,25,17,202,173,104,197,120,219.54,149.19,88.9
18,20,40.63,183.08,111.02,25,17,202,173,104,197,120,219.54,149.19,88.88
18,21,40.67,183.08,111.02,25,17,202,173,104,197,120,219.54,149.19,88.88
18,22,40.7,183.08,111.02,25,17,202,173,104,197,120,219.54,149.19,88.88
18,23,40.73,183.08,111.02,25,17,202,173,104,197,120,219.54,149.19,88.88
18,24,40.77,183.08,111.02,25,17,202,173,104,197,120,219.54,149.19,88.88
18,25,40.8,183.08,111.02,25,17,202,173,104,197,120,219.54,149.19,88.88
18,26,40.83,183.08,111.02,25,17,202,173,104,197,120,219.54,149.19,88.88
18,27,40.87,183.08,111.02,25,17,202,173,104,197,120,220.42,149.31,87.85
18,28,40.9,183.08,111.02,25,17,202,173,104,197,120,220.43,149.32,87.88
18,29,40.93,183.08,111.02,25,17,202,173,104,197,120,220.39,149.28,87.82
18,30,40.97,183.08,111.02,25,17,202,173,104,197,120,220.43,149.32,87.86
18,31,41.0,183.08,111.02,25,17,202,173,104,197,120,220.43,149.31,87.86
18,32,41.03,183.0,110.98,25,17,204,173,104,197,120,220.06,149.27,88.62
18,33,41.07,183.0,110.98,25,17,204,173,104,197,120,220.05,149.26,88.65
18,34,41.1,183.0,110.98,25,17,204,173,104,197,120,220.05,149.27,88.64
18,35,41.13,183.0,110.98,25,17,204,173,104,197,120,220.05,149.26,88.65
18,36,41.17,183.0,110.98,25,17,204,173,104,197,120,220.07,149.26,88.65
18,37,41.2,183.0,110.98,25,17,204,173,104,197,120,220.05,149.26,88.65
18,38,41.23,183.0,110.98,25,17,204,173,104,197,120,220.06,149.27,88.62
18,39,41.27,183.09,110.82,25,16,200,173,104,197,119,219.69,148.29,86.62
18,40,41.3,183.09,110.82,25,16,200,173,104,197,119,219.69,148.32,86.72
18,41,41.33,183.09,110.82,25,16,200,173,104,197,119,219.58,148.27,86.47
18,42,41.37,182.61,111.59,25,19,218,173,104,197,122,218.91,146.84,90.54
18,43,41.4,182.95,110.92,25,16,203,173,104,197,119,220.15,148.74,88.46
18,44,41.43,183.13,110.88,25,17,201,173,104,197,120,220.49,148.8,87.93
18,45,41.47,183.09,110.91,25,17,202,173,104,197,120,220.73,149.01,88.59
18,46,41.5,183.06,111.0,26,17,202,172,104,197,120,219.65,149.54,86.58
18,47,41.53,190.16,131.51,10,6,37,186,129,195,134,203.05,136.43,124.76
18,48,41.57,183.77,130.19,10,6,31,180,128,189,133,190.58,143.06,101.16
18,49,41.6,176.85,131.5,8,5,26,174,130,181,134,197.35,139.85,123.27
18,50,41.63,174.62,129.78,9,7,32,171,127,179,133,196.25,132.88,115.19
18,51,41.67,169.42,129.21,8,4,24,166,128,173,131,213.96,144.17,124.62
18,52,41.7,163.11,130.44,10,6,36,158,128,167,133,199.5,120.25,114.67
18,53,41.73,163.11,130.44,10,6,36,158,128,167,133,199.5,120.25,114.67
18,54,41.77,159.83,132.67,4,2,6,158,132,161,133,169.0,122.67,136.0
18,55,41.8,150.67,131.67,2,4,6,150,130,151,133,168.0,86.83,96.0
18,56,41.83,148.5,131.67,2,4,6,148,130,149,133,154.5,101.33,123.17
18,57,41.87,133.74,131.63,11,6,35,129,129,139,134,188.06,120.14,120.09
18,58,41.9,125.0,130.14,6,4,14,122,129,127,132,203.21,130.86,113.5
18,59,41.93,121.53,130.11,8,4,19,118,129,125,132,200.32,127.05,126.05
18,60,41.97,113.5,130.28,8,4,18,110,129,117,132,189.78,121.94,111.44
18,61,42.0,109.0,130.14,6,4,14,106,129,111,132,193.64,133.29,113.29
18,62,42.03,103.68,130.45,8,4,22,100,129,107,132,191.14,117.27,105.09
18,63,42.07,98.81,130.31,6,4,16,96,129,101,132,187.88,121.56,116.88
18,64,42.1,89.85,131.77,5,5,13,88,130,92,134,191.62,133.15,123.23
18,65,42.13,86.67,132.0,6,4,15,84,131,89,134,180.27,126.33,121.4
18,66,42.17,76.65,133.04,6,5,23,74,131,79,135,204.57,139.22,145.35
18,67,42.2,73.53,132.07,8,4,15,70,131,77,134,179.93,125.47,131.87
18,68,42.23,70.78,132.67,5,3,9,69,132,73,134,181.0,134.67,131.22
18,69,42.27,69.55,132.27,4,4,11,68,131,71,134,179.45,135.27,132.73
18,70,42.3,67.55,132.27,4,4,11,66,131,69,134,179.45,135.27,132.73
18,71,42.33,61.55,132.27,4,4,11,60,131,63,134,179.45,135.27,132.73
18,72,42.37,98.58,130.25,6,3,12,96,129,101,131,214.58,129.75,109.42
18,73,42.4,93.26,132.78,9,5,27,89,131,97,135,173.37,135.04,124.15
18,74,42.43,84.09,133.43,8,4,23,80,132,87,135,185.04,135.26,119.39
18,75,42.47,81.06,133.22,7,4,18,78,132,84,135,184.33,132.22,117.61
18,76,42.5,74.09,133.43,8,4,23,70,132,77,135,185.04,135.26,119.39
18,77,42.53,72.09,133.43,8,4,23,68,132,75,135,185.04,135.26,119.39
18,78,42.57,69.6,134.3,4,5,10,68,132,71,136,161.8,137.3,135.8
18,79,42.6,76.47,169.96,18,21,110,68,162,85,182,138.55,208.55,99.62
18,80,42.63,36.5,188.36,6,4,22,34,187,39,190,189.18,184.27,100.27
18,81,42.67,36.5,188.17,6,5,24,34,186,39,190,185.58,188.0,99.96
18,82,42.7,36.5,188.17,6,5,24,34,186,39,190,172.08,174.33,86.17
18,83,42.73,36.52,188.26,6,5,23,34,186,39,190,173.22,172.0,85.78
18,84,42.77,36.5,188.17,6,5,24,34,186,39,190,185.67,188.25,100.04
18,85,42.8,36.5,188.17,6,5,24,34,186,39,190,186.33,188.67,100.54
18,86,42.83,36.5,188.36,6,4,22,34,187,39,190,165.27,160.27,76.23
18,87,42.87,36.52,188.26,6,5,23,34,186,39,190,173.0,172.04,85.7
18,88,42.9,36.52,188.26,6,5,23,34,186,39,190,176.61,175.74,89.48
18,89,42.93,36.52,188.26,6,5,23,34,186,39,190,176.61,175.74,89.48
18,90,42.97,36.43,188.09,6,5,23,34,186,39,190,189.52,198.43,105.04
18,91,43.0,36.5,188.17,6,5,24,34,186,39,190,187.46,189.79,101.88
18,92,43.03,36.5,188.17,6,5,24,34,186,39,190,174.96,177.5,89.33
18,93,43.07,36.5,188.17,6,5,24,34,186,39,190,174.96,177.5,89.33
18,94,43.1,36.5,188.17,6,5,24,34,186,39,190,176.08,178.62,90.42
18,95,43.13,36.5,188.17,6,5,24,34,186,39,190,183.71,186.54,98.21
18,96,43.17,36.5,188.17,6,5,24,34,186,39,190,183.75,186.58,97.92
18,97,43.2,36.5,188.17,6,5,24,34,186,39,190,174.83,177.42,88.83
18,98,43.23,36.5,188.17,6,5,24,34,186,39,190,174.83,177.42,88.83
18,99,43.27,36.5,188.17,6,5,24,34,186,39,190,174.88,177.46,88.88
18,100,43.3,36.5,188.36,6,4,22,34,187,39,190,178.59,173.91,89.73
18,101,43.33,36.5,188.36,6,4,22,34,187,39,190,178.59,173.91,89.73
18,102,43.37,36.5,188.36,6,4,22,34,187,39,190,178.95,174.27,89.95
18,103,43.4,36.5,188.36,6,4,22,34,187,39,190,179.0,174.32,90.0
18,104,43.43,36.5,188.36,6,4,22,34,187,39,190,179.0,174.32,90.0
18,105,43.47,32.27,188.41,14,4,44,26,187,39,190,161.39,169.93,79.0
18,106,43.5,28.43,188.29,6,4,21,26,187,31,190,165.24,167.43,77.9
18,107,43.53,28.43,188.29,6,4,21,26,187,31,190,165.48,167.67,78.1
18,108,43.57,28.43,188.29,6,4,21,26,187,31,190,172.71,175.14,85.48
18,109,43.6,28.43,188.29,6,4,21,26,187,31,190,164.95,167.14,77.81
18,110,43.63,28.42,188.42,6,4,19,26,187,31,190,161.05,173.05,77.95
18,111,43.67,28.43,187.91,6,5,23,26,186,31,190,172.74,183.78,87.65
18,112,43.7,27.96,188.27,8,5,26,24,186,31,190,169.54,184.96,89.73
18,113,43.73,27.96,188.27,8,5,26,24,186,31,190,169.5,184.96,89.73
18,114,43.77,27.96,188.27,8,5,26,24,186,31,190,169.5,184.96,89.73
18,115,43.8,27.85,188.3,8,5,27,24,186,31,190,179.63,197.78,101.85
18,116,43.83,27.85,188.3,8,5,27,24,186,31,190,179.85,197.93,102.0
18,117,43.87,27.64,188.07,8,5,28,24,186,31,190,175.79,196.57,105.82
18,118,43.9,27.93,188.36,8,5,28,24,186,31,190,177.96,195.61,101.82
18,119,43.93,27.93,188.36,8,5,28,24,186,31,190,180.14,198.0,104.07
18,120,43.97,28.25,188.0,8,6,32,24,185,31,190,179.69,201.66,106.12
18,121,44.0,27.93,188.36,8,5,28,24,186,31,190,179.11,196.96,103.07
18,122,44.03,27.91,188.05,7,5,22,25,186,31,190,173.27,187.05,74.41
18,123,44.07,27.79,188.47,8,4,19,24,187,31,190,181.16,182.58,83.95
18,124,44.1,27.79,188.47,8,4,19,24,187,31,190,182.37,185.84,77.32
18,125,44.13,28.18,188.41,6,4,17,26,187,31,190,177.12,168.71,77.35
18,126,44.17,28.21,188.42,6,4,19,26,187,31,190,175.32,171.79,68.37
18,127,44.2,28.21,188.42,6,4,19,26,187,31,190,177.26,173.74,70.42
18,128,44.23,28.21,188.42,6,4,19,26,187,31,190,167.47,163.63,60.47
18,129,44.27,28.21,188.42,6,4,19,26,187,31,190,164.95,161.11,58.0
18,130,44.3,28.42,188.58,6,4,19,26,187,31,190,162.05,161.26,60.53
18,131,44.33,28.06,188.33,6,4,18,26,187,31,190,176.89,169.61,74.78
18,132,44.37,28.1,188.1,6,5,20,26,186,31,190,172.15,177.75,66.2
18,133,44.4,28.18,188.09,6,5,22,26,186,31,190,165.27,174.05,66.77
18,134,44.43,28.16,188.26,6,4,19,26,187,31,190,155.32,169.37,56.11
18,135,44.47,28.1,188.1,6,5,20,26,186,31,190,172.5,178.15,66.6
18,136,44.5,28.24,188.19,6,5,21,26,186,31,190,172.62,177.86,70.9
18,137,44.53,28.55,188.2,6,5,20,26,186,31,190,161.6,176.15,69.65
18,138,44.57,28.1,188.1,6,5,20,26,186,31,190,166.5,174.0,66.7
18,139,44.6,28.1,188.1,6,5,20,26,186,31,190,169.25,174.85,63.3
18,140,44.63,28.24,188.19,6,5,21,26,186,31,190,173.67,178.95,72.14
18,141,44.67,28.35,188.25,6,5,20,26,186,31,190,168.3,169.6,64.7
18,142,44.7,28.18,188.41,6,4,17,26,187,31,190,174.76,165.82,59.76
18,143,44.73,28.3,188.5,6,4,20,26,187,31,190,173.8,177.35,74.3
18,144,44.77,28.06,188.33,6,4,18,26,187,31,190,180.06,176.33,68.17
18,145,44.8,28.06,188.33,6,4,18,26,187,31,190,180.06,176.17,68.78
18,146,44.83,27.76,188.29,8,5,21,24,186,31,190,180.71,191.62,80.0
18,147,44.87,28.1,188.1,6,5,20,26,186,31,190,169.05,174.7,63.0
18,148,44.9,28.1,188.1,6,5,20,26,186,31,190,174.8,180.55,69.0
18,149,44.93,28.06,188.33,6,4,18,26,187,31,190,175.28,171.06,80.11
18,150,44.97,26.79,188.86,10,5,28,22,187,31,191,164.82,192.11,85.14
22,1,40.0,182.89,111.18,26,17,196,172,104,197,120,218.16,150.73,86.45
22,2,40.03,178.27,120.73,6,4,15,176,119,181,122,214.93,141.27,138.67
22,3,40.07,178.2,120.67,6,4,15,176,119,181,122,212.87,132.73,126.13
22,4,40.1,173.57,139.57,4,2,7,172,139,175,140,204.14,173.0,181.29
22,5,40.13,173.57,139.57,4,2,7,172,139,175,140,204.14,173.0,181.29
22,6,40.17,173.18,140.09,5,3,11,171,139,175,141,195.36,163.55,172.73
22,7,40.2,172.82,140.09,6,3,11,170,139,175,141,189.55,154.91,164.18
22,8,40.23,173.18,140.09,5,3,11,171,139,175,141,195.36,163.55,172.73
22,9,40.27,172.92,140.17,6,3,12,170,139,175,141,192.92,157.17,167.33
22,10,40.3,172.92,140.17,6,3,12,170,139,175,141,192.92,157.17,167.33
22,11,40.33,172.92,140.17,6,3,12,170,139,175,141,192.92,157.17,167.33
22,12,40.37,172.92,140.17,6,3,12,170,139,175,141,192.92,157.17,167.33
22,13,40.4,172.92,140.17,6,3,12,170,139,175,141,192.92,157.17,167.33
22,14,40.43,172.92,140.17,6,3,12,170,139,175,141,192.92,157.17,167.33
22,15,40.47,172.82,140.09,6,3,11,170,139,175,141,189.55,154.91,164.18
22,16,40.5,172.82,140.09,6,3,11,170,139,175,141,189.55,154.91,164.18
22,17,40.53,172.6,140.27,6,4,15,170,139,175,142,197.27,152.13,166.8
22,18,40.57,172.6,140.27,6,4,15,170,139,175,142,197.27,152.13,166.8
22,19,40.6,172.6,140.27,6,4,15,170,139,175,142,197.27,152.13,166.8
22,20,40.63,172.82,140.09,6,3,11,170,139,175,141,189.55,154.91,164.18
22,21,40.67,172.82,140.09,6,3,11,170,139,175,141,187.36,155.45,164.18
22,22,40.7,172.82,140.09,6,3,11,170,139,175,141,187.36,155.45,164.18
22,23,40.73,172.82,140.09,6,3,11,170,139,175,141,187.36,155.45,164.18
22,24,40.77,172.82,140.09,6,3,11,170,139,175,141,187.36,155.45,164.18
22,25,40.8,172.82,140.09,6,3,11,170,139,175,141,189.55,154.91,164.18
22,26,40.83,172.82,140.09,6,3,11,170,139,175,141,189.55,154.91,164.18
22,27,40.87,172.67,140.08,6,3,12,170,139,175,141,186.17,150.92,161.92
22,28,40.9,172.82,140.09,6,3,11,170,139,175,141,187.73,155.27,164.18
22,29,40.93,172.82,140.09,6,3,11,170,139,175,141,192.82,152.27,160.55
22,30,40.97,172.82,140.09,6,3,11,170,139,175,141,192.82,152.27,160.55
22,31,41.0,173.0,139.85,6,4,13,170,138,175,141,202.54,155.38,168.77
22,32,41.03,173.15,139.54,5,4,13,171,138,175,141,197.0,150.46,163.08
22,33,41.07,172.0,140.2,3,3,5,171,139,173,141,174.4,130.0,150.4
22,34,41.1,173.27,139.82,5,4,11,171,138,175,141,204.45,158.73,177.73
22,35,41.13,173.27,139.82,5,4,11,171,138,175,141,204.45,158.73,177.73
22,36,41.17,172.0,140.4,3,3,5,171,139,173,141,158.6,120.0,137.4
22,37,41.2,173.57,139.57,4,2,7,172,139,175,140,217.57,167.29,194.29
22,38,41.23,173.75,139.38,4,3,8,172,138,175,140,220.88,169.75,201.0
22,39,41.27,172.82,140.09,6,3,11,170,139,175,141,195.73,149.09,167.45
22,40,41.3,172.82,140.09,6,3,11,170,139,175,141,195.91,149.27,159.36
22,41,41.33,172.82,140.09,6,3,11,170,139,175,141,196.27,148.73,160.27
22,42,41.37,172.82,140.09,6,3,11,170,139,175,141,196.27,148.73,160.27
22,43,41.4,172.82,140.09,6,3,11,170,139,175,141,196.27,148.73,160.27
22,44,41.43,172.82,140.09,6,3,11,170,139,175,141,196.27,148.73,160.27
22,45,41.47,172.82,140.09,6,3,11,170,139,175,141,196.27,148.73,160.27
22,46,41.5,172.82,140.09,6,3,11,170,139,175,141,196.27,148.73,160.27
22,47,41.53,181.83,133.33,2,5,6,181,131,182,135,217.17,163.33,172.83
22,48,41.57,186.46,134.23,6,3,13,184,133,189,135,182.38,141.54,147.92
22,49,41.6,180.25,134.25,5,3,8,178,133,182,135,178.75,128.0,134.12
22,50,41.63,169.6,132.2,4,2,5,168,132,171,133,160.4,135.2,139.2
22,51,41.67,171.5,133.0,4,3,8,170,132,173,134,200.12,143.12,135.5
22,52,41.7,195.44,150.83,6,7,18,193,148,198,154,133.83,203.78,108.22
22,53,41.73,195.37,150.68,6,7,19,193,148,198,154,133.79,203.79,107.89
22,54,41.77,196.38,151.62,5,5,13,194,150,198,154,138.31,196.46,102.85
22,55,41.8,196.89,151.67,3,4,9,196,150,198,153,146.56,193.22,96.22
22,56,41.83,196.57,151.71,2,4,7,196,150,197,153,136.29,210.0,98.71
22,57,41.87,195.92,151.33,4,5,12,194,149,197,153,145.33,201.58,101.83
22,58,41.9,197.08,152.77,5,4,13,195,151,199,154,143.31,193.62,93.15
22,59,41.93,197.08,152.77,5,4,13,195,151,199,154,143.31,193.62,93.15
22,60,41.97,195.31,153.38,4,5,13,194,151,197,155,147.38,194.54,97.15
22,61,42.0,193.57,152.71,2,4,7,193,151,194,154,140.71,213.14,106.43
22,62,42.03,191.6,153.2,2,3,5,191,152,192,154,134.8,204.2,100.6
22,63,42.07,200.26,128.9,14,12,88,194,124,207,135,204.35,138.76,120.18
22,64,42.1,192.16,126.62,10,7,32,188,124,197,130,197.81,123.28,109.16
22,65,42.13,188.75,127.61,8,7,28,186,125,193,131,198.36,136.39,126.14
22,66,42.17,183.11,131.44,6,3,9,180,130,185,132,178.56,123.78,135.44
22,67,42.2,176.03,130.09,9,6,32,173,128,181,133,197.91,132.47,123.28
22,68,42.23,173.17,129.09,8,5,23,170,128,177,132,201.96,138.39,112.7
22,69,42.27,171.82,129.32,10,5,28,168,128,177,132,218.68,137.54,121.89
22,70,42.3,158.71,129.72,25,10,153,148,125,172,134,212.43,145.94,145.16
22,71,42.33,160.95,130.53,24,10,172,150,126,173,135,206.69,146.41,137.06
22,72,42.37,164.0,129.68,26,12,183,150,125,175,136,204.42,148.32,136.14
22,73,42.4,149.0,131.34,12,6,38,144,129,155,134,187.29,124.05,112.05
22,74,42.43,139.26,132.5,15,8,88,132,129,146,136,203.47,148.89,138.75
22,75,42.47,142.22,159.44,5,2,9,140,159,144,160,129.89,215.11,105.78
22,76,42.5,147.17,171.42,6,3,12,145,170,150,172,146.75,198.67,108.25
22,77,42.53,137.25,173.81,8,4,16,134,172,141,175,143.81,196.25,103.25
22,78,42.57,143.17,178.02,13,10,41,137,174,149,183,133.44,102.51,59.0
22,79,42.6,138.4,177.6,3,5,10,137,176,139,180,141.4,92.0,74.3
22,80,42.63,129.6,219.2,4,2,5,128,219,131,220,232.6,251.0,239.6
22,81,42.67,129.6,219.2,4,2,5,128,219,131,220,232.6,251.0,239.6
22,82,42.7,129.6,219.2,4,2,5,128,219,131,220,232.6,251.0,239.6
22,83,42.73,129.6,219.2,4,2,5,128,219,131,220,232.6,251.0,239.6
22,84,42.77,129.6,219.2,4,2,5,128,219,131,220,232.6,251.0,239.6
22,85,42.8,129.6,219.2,4,2,5,128,219,131,220,232.6,251.0,239.6
22,86,42.83,129.6,219.2,4,2,5,128,219,131,220,232.6,251.0,239.6
22,87,42.87,129.6,219.2,4,2,5,128,219,131,220,232.6,251.0,239.6
22,88,42.9,129.6,219.2,4,2,5,128,219,131,220,232.6,251.0,239.6
22,89,42.93,129.6,219.2,4,2,5,128,219,131,220,232.6,251.0,239.6
22,90,42.97,129.6,219.2,4,2,5,128,219,131,220,232.6,251.0,239.6
22,91,43.0,129.6,219.2,4,2,5,128,219,131,220,232.6,251.0,239.6
22,92,43.03,129.6,219.2,4,2,5,128,219,131,220,232.6,251.0,239.6
22,93,43.07,129.6,219.2,4,2,5,128,219,131,220,232.6,251.0,239.6
22,94,43.1,129.6,219.2,4,2,5,128,219,131,220,232.6,251.0,239.6
22,95,43.13,129.6,219.2,4,2,5,128,219,131,220,232.6,251.0,239.6
22,96,43.17,129.6,219.2,4,2,5,128,219,131,220,232.6,251.0,239.6
22,97,43.2,129.6,219.2,4,2,5,128,219,131,220,232.6,251.0,239.6
22,98,43.23,129.6,219.2,4,2,5,128,219,131,220,232.6,251.0,239.6
22,99,43.27,129.6,219.2,4,2,5,128,219,131,220,232.6,251.0,239.6
22,100,43.3,129.6,219.2,4,2,5,128,219,131,220,232.6,251.0,239.6
22,101,43.33,129.6,219.2,4,2,5,128,219,131,220,232.6,251.0,239.6
22,102,43.37,129.6,219.2,4,2,5,128,219,131,220,232.6,251.0,239.6
22,103,43.4,129.6,219.2,4,2,5,128,219,131,220,232.6,251.0,239.6
22,104,43.43,129.6,219.2,4,2,5,128,219,131,220,232.6,251.0,239.6
22,105,43.47,129.6,219.2,4,2,5,128,219,131,220,232.6,251.0,239.6
22,106,43.5,129.6,219.2,4,2,5,128,219,131,220,232.6,251.0,239.6
22,107,43.53,129.6,219.2,4,2,5,128,219,131,220,232.6,251.0,239.6
22,108,43.57,129.6,219.2,4,2,5,128,219,131,220,232.6,251.0,239.6
22,109,43.6,129.6,219.2,4,2,5,128,219,131,220,232.6,251.0,239.6
22,110,43.63,129.6,219.2,4,2,5,128,219,131,220,232.6,251.0,239.6
22,111,43.67,129.6,219.2,4,2,5,128,219,131,220,232.6,251.0,239.6
22,112,43.7,129.6,219.2,4,2,5,128,219,131,220,232.6,251.0,239.6
22,113,43.73,129.6,219.2,4,2,5,128,219,131,220,232.6,251.0,239.6
22,114,43.77,129.6,219.2,4,2,5,128,219,131,220,232.6,251.0,239.6
22,115,43.8,129.6,219.2,4,2,5,128,219,131,220,232.6,251.0,239.6
22,116,43.83,129.6,219.2,4,2,5,128,219,131,220,232.6,251.0,239.6
22,117,43.87,129.6,219.2,4,2,5,128,219,131,220,232.6,251.0,239.6
22,118,43.9,129.6,219.2,4,2,5,128,219,131,220,232.6,251.0,239.6
22,119,43.93,129.6,219.2,4,2,5,128,219,131,220,232.6,251.0,239.6
22,120,43.97,129.6,219.2,4,2,5,128,219,131,220,232.6,251.0,239.6
22,121,44.0,129.6,219.2,4,2,5,128,219,131,220,232.6,251.0,239.6
22,122,44.03,129.14,219.29,5,2,7,127,219,131,220,236.0,249.0,236.0
22,123,44.07,129.14,219.29,5,2,7,127,219,131,220,236.0,249.0,236.0
22,124,44.1,129.14,219.29,5,2,7,127,219,131,220,236.0,249.0,236.0
22,125,44.13,129.14,219.29,5,2,7,127,219,131,220,236.0,249.0,236.0
22,126,44.17,129.14,219.29,5,2,7,127,219,131,220,236.0,249.0,236.0
22,127,44.2,129.14,219.29,5,2,7,127,219,131,220,236.0,249.0,236.0
22,128,44.23,129.14,219.29,5,2,7,127,219,131,220,236.0,249.0,236.0
22,129,44.27,129.14,219.29,5,2,7,127,219,131,220,236.0,249.0,236.0
22,130,44.3,129.14,219.29,5,2,7,127,219,131,220,236.0,249.0,236.0
22,131,44.33,129.14,219.29,5,2,7,127,219,131,220,235.86,249.0,235.71
22,132,44.37,129.14,219.29,5,2,7,127,219,131,220,236.0,249.0,236.0
22,133,44.4,129.14,219.29,5,2,7,127,219,131,220,236.0,249.0,236.0
22,134,44.43,129.14,219.29,5,2,7,127,219,131,220,236.0,249.0,236.0
22,135,44.47,129.14,219.29,5,2,7,127,219,131,220,236.0,249.0,236.0
22,136,44.5,129.14,219.29,5,2,7,127,219,131,220,236.0,249.0,236.0
22,137,44.53,129.14,219.29,5,2,7,127,219,131,220,235.86,249.0,235.71
22,138,44.57,129.14,219.29,5,2,7,127,219,131,220,236.0,249.0,236.0
22,139,44.6,129.14,219.29,5,2,7,127,219,131,220,235.86,249.0,235.71
22,140,44.63,129.14,219.29,5,2,7,127,219,131,220,236.0,249.0,236.0
22,141,44.67,129.14,219.29,5,2,7,127,219,131,220,236.0,249.0,236.0
22,142,44.7,129.14,219.29,5,2,7,127,219,131,220,236.0,249.0,236.0
22,143,44.73,129.14,219.29,5,2,7,127,219,131,220,236.0,249.0,236.0
22,144,44.77,129.14,219.29,5,2,7,127,219,131,220,236.0,249.0,236.0
22,145,44.8,129.14,219.29,5,2,7,127,219,131,220,236.0,249.0,236.0
22,146,44.83,129.14,219.29,5,2,7,127,219,131,220,236.0,249.0,236.0
22,147,44.87,129.14,219.29,5,2,7,127,219,131,220,236.0,249.0,236.0
22,148,44.9,129.14,219.29,5,2,7,127,219,131,220,236.0,249.0,236.0
22,149,44.93,129.14,219.29,5,2,7,127,219,131,220,236.0,249.0,236.0
22,150,44.97,129.14,219.29,5,2,7,127,219,131,220,235.86,249.0,235.71
54,1,40.0,283.71,206.5,8,4,28,280,205,287,208,163.61,137.96,20.86
54,2,40.03,283.71,206.5,8,4,28,280,205,287,208,163.61,137.96,20.86
54,3,40.07,283.71,206.5,8,4,28,280,205,287,208,163.61,137.96,20.86
54,4,40.1,283.71,206.5,8,4,28,280,205,287,208,163.61,137.96,20.86
54,5,40.13,283.71,206.5,8,4,28,280,205,287,208,163.61,137.96,20.86
54,6,40.17,283.71,206.5,8,4,28,280,205,287,208,163.61,137.96,20.86
54,7,40.2,283.71,206.5,8,4,28,280,205,287,208,163.61,137.96,20.86
54,8,40.23,283.71,206.5,8,4,28,280,205,287,208,163.61,137.96,20.86
54,9,40.27,283.71,206.5,8,4,28,280,205,287,208,163.61,137.96,20.86
54,10,40.3,283.71,206.5,8,4,28,280,205,287,208,163.61,137.96,20.86
54,11,40.33,283.71,206.5,8,4,28,280,205,287,208,163.61,137.96,20.86
54,12,40.37,283.71,206.5,8,4,28,280,205,287,208,161.25,137.04,19.61
54,13,40.4,283.71,206.5,8,4,28,280,205,287,208,163.61,137.96,20.86
54,14,40.43,283.71,206.5,8,4,28,280,205,287,208,163.61,137.96,20.86
54,15,40.47,283.71,206.5,8,4,28,280,205,287,208,163.61,137.96,20.86
54,16,40.5,283.71,206.5,8,4,28,280,205,287,208,163.61,137.96,20.86
54,17,40.53,283.71,206.5,8,4,28,280,205,287,208,163.61,137.96,20.86
54,18,40.57,283.71,206.5,8,4,28,280,205,287,208,163.61,137.96,20.86
54,19,40.6,283.71,206.5,8,4,28,280,205,287,208,163.61,137.96,20.86
54,20,40.63,283.71,206.5,8,4,28,280,205,287,208,163.61,137.96,20.86
54,21,40.67,283.71,206.5,8,4,28,280,205,287,208,163.61,137.96,20.86
54,22,40.7,283.71,206.5,8,4,28,280,205,287,208,163.61,137.96,20.86
54,23,40.73,283.71,206.5,8,4,28,280,205,287,208,163.61,137.96,20.86
54,24,40.77,283.71,206.5,8,4,28,280,205,287,208,163.61,137.96,20.86
54,25,40.8,283.71,206.5,8,4,28,280,205,287,208,163.61,137.96,20.86
54,26,40.83,283.71,206.5,8,4,28,280,205,287,208,163.61,137.96,20.86
54,27,40.87,283.71,206.5,8,4,28,280,205,287,208,163.61,137.96,20.86
54,28,40.9,283.71,206.5,8,4,28,280,205,287,208,163.61,137.96,20.86
54,29,40.93,283.71,206.5,8,4,28,280,205,287,208,163.61,137.96,20.86
54,30,40.97,283.71,206.5,8,4,28,280,205,287,208,163.61,137.96,20.86
54,31,41.0,283.71,206.5,8,4,28,280,205,287,208,163.61,137.96,20.86
54,32,41.03,283.71,206.5,8,4,28,280,205,287,208,163.61,137.96,20.86
54,33,41.07,283.71,206.5,8,4,28,280,205,287,208,163.61,137.96,20.86
54,34,41.1,283.71,206.5,8,4,28,280,205,287,208,163.61,137.96,20.86
54,35,41.13,283.71,206.5,8,4,28,280,205,287,208,163.61,137.96,20.86
54,36,41.17,283.71,206.5,8,4,28,280,205,287,208,163.61,137.96,20.86
54,37,41.2,283.71,206.5,8,4,28,280,205,287,208,163.61,137.96,20.86
54,38,41.23,283.71,206.5,8,4,28,280,205,287,208,163.61,137.96,20.86
54,39,41.27,283.71,206.5,8,4,28,280,205,287,208,163.61,137.96,20.86
54,40,41.3,283.71,206.5,8,4,28,280,205,287,208,163.61,137.96,20.86
54,41,41.33,283.71,206.5,8,4,28,280,205,287,208,163.61,137.96,20.86
54,42,41.37,283.71,206.5,8,4,28,280,205,287,208,163.61,137.96,20.86
54,43,41.4,283.71,206.5,8,4,28,280,205,287,208,163.61,137.96,20.86
54,44,41.43,283.71,206.5,8,4,28,280,205,287,208,163.61,137.96,20.86
54,45,41.47,283.71,206.5,8,4,28,280,205,287,208,163.61,137.96,20.86
54,46,41.5,283.71,206.5,8,4,28,280,205,287,208,163.61,137.96,20.86
54,47,41.53,283.71,206.5,8,4,28,280,205,287,208,162.54,138.29,20.86
54,48,41.57,283.71,206.5,8,4,28,280,205,287,208,163.61,137.96,20.86
54,49,41.6,283.71,206.5,8,4,28,280,205,287,208,163.61,137.96,20.86
54,50,41.63,283.71,206.5,8,4,28,280,205,287,208,163.61,137.96,20.86
54,51,41.67,283.71,206.5,8,4,28,280,205,287,208,163.61,137.96,20.86
54,52,41.7,283.71,206.5,8,4,28,280,205,287,208,163.61,137.96,20.86
54,53,41.73,283.71,206.5,8,4,28,280,205,287,208,163.61,137.96,20.86
54,54,41.77,283.71,206.5,8,4,28,280,205,287,208,163.61,137.96,20.86
54,55,41.8,283.71,206.5,8,4,28,280,205,287,208,163.61,137.96,20.86
54,56,41.83,283.71,206.5,8,4,28,280,205,287,208,163.61,137.96,20.86
54,57,41.87,283.71,206.5,8,4,28,280,205,287,208,163.61,137.96,20.86
54,58,41.9,283.71,206.5,8,4,28,280,205,287,208,163.61,137.96,20.86
54,59,41.93,283.71,206.5,8,4,28,280,205,287,208,163.61,137.96,20.86
54,60,41.97,283.71,206.5,8,4,28,280,205,287,208,163.61,137.96,20.86
54,61,42.0,283.71,206.5,8,4,28,280,205,287,208,163.61,137.96,20.86
54,62,42.03,283.71,206.5,8,4,28,280,205,287,208,163.61,137.96,20.86
54,63,42.07,283.71,206.5,8,4,28,280,205,287,208,163.61,137.96,20.86
54,64,42.1,283.71,206.5,8,4,28,280,205,287,208,163.61,137.96,20.86
54,65,42.13,283.71,206.5,8,4,28,280,205,287,208,163.61,137.96,20.86
54,66,42.17,283.71,206.5,8,4,28,280,205,287,208,163.61,137.96,20.86
54,67,42.2,283.71,206.5,8,4,28,280,205,287,208,163.61,137.96,20.86
54,68,42.23,283.71,206.5,8,4,28,280,205,287,208,163.61,137.96,20.86
54,69,42.27,283.71,206.5,8,4,28,280,205,287,208,163.61,137.96,20.86
54,70,42.3,283.71,206.5,8,4,28,280,205,287,208,163.61,137.96,20.86
54,71,42.33,283.71,206.5,8,4,28,280,205,287,208,163.61,137.96,20.86
54,72,42.37,283.71,206.5,8,4,28,280,205,287,208,163.61,137.96,20.86
54,73,42.4,283.71,206.5,8,4,28,280,205,287,208,163.61,137.96,20.86
54,74,42.43,283.71,206.5,8,4,28,280,205,287,208,163.61,137.96,20.86
54,75,42.47,283.71,206.5,8,4,28,280,205,287,208,163.61,137.96,20.86
54,76,42.5,283.71,206.5,8,4,28,280,205,287,208,163.61,137.96,20.86
54,77,42.53,283.71,206.5,8,4,28,280,205,287,208,163.61,137.96,20.86
54,78,42.57,283.71,206.5,8,4,28,280,205,287,208,163.61,137.96,20.86
54,79,42.6,283.71,206.5,8,4,28,280,205,287,208,163.61,137.96,20.86
54,80,42.63,283.71,206.5,8,4,28,280,205,287,208,163.61,137.96,20.86
54,81,42.67,283.71,206.5,8,4,28,280,205,287,208,163.61,137.96,20.86
54,82,42.7,283.71,206.5,8,4,28,280,205,287,208,162.54,138.29,20.86
54,83,42.73,283.71,206.5,8,4,28,280,205,287,208,163.61,137.96,20.86
54,84,42.77,283.71,206.5,8,4,28,280,205,287,208,163.61,137.96,20.86
54,85,42.8,283.71,206.5,8,4,28,280,205,287,208,163.61,137.96,20.86
54,86,42.83,283.71,206.5,8,4,28,280,205,287,208,163.61,137.96,20.86
54,87,42.87,283.71,206.5,8,4,28,280,205,287,208,163.61,137.96,20.86
54,88,42.9,283.71,206.5,8,4,28,280,205,287,208,163.61,137.96,20.86
54,89,42.93,283.71,206.5,8,4,28,280,205,287,208,163.61,137.96,20.86
54,90,42.97,283.71,206.5,8,4,28,280,205,287,208,163.61,137.96,20.86
54,91,43.0,283.71,206.5,8,4,28,280,205,287,208,163.61,137.96,20.86
54,92,43.03,283.71,206.5,8,4,28,280,205,287,208,163.61,137.96,20.86
54,93,43.07,283.71,206.5,8,4,28,280,205,287,208,163.61,137.96,20.86
54,94,43.1,283.71,206.5,8,4,28,280,205,287,208,163.61,137.96,20.86
54,95,43.13,283.71,206.5,8,4,28,280,205,287,208,163.61,137.96,20.86
54,96,43.17,283.71,206.5,8,4,28,280,205,287,208,163.61,137.96,20.86
54,97,43.2,283.71,206.5,8,4,28,280,205,287,208,163.61,137.96,20.86
54,98,43.23,283.71,206.5,8,4,28,280,205,287,208,163.61,137.96,20.86
54,99,43.27,283.71,206.5,8,4,28,280,205,287,208,163.61,137.96,20.86
54,100,43.3,283.71,206.5,8,4,28,280,205,287,208,163.61,137.96,20.86
54,101,43.33,283.71,206.5,8,4,28,280,205,287,208,163.61,137.96,20.86
54,102,43.37,283.71,206.5,8,4,28,280,205,287,208,163.61,137.96,20.86
54,103,43.4,283.71,206.5,8,4,28,280,205,287,208,163.61,137.96,20.86
54,104,43.43,283.71,206.5,8,4,28,280,205,287,208,163.61,137.96,20.86
54,105,43.47,283.71,206.5,8,4,28,280,205,287,208,163.61,137.96,20.86
54,106,43.5,283.71,206.5,8,4,28,280,205,287,208,163.61,137.96,20.86
54,107,43.53,283.71,206.5,8,4,28,280,205,287,208,163.61,137.96,20.86
54,108,43.57,283.71,206.5,8,4,28,280,205,287,208,163.61,137.96,20.86
54,109,43.6,283.71,206.5,8,4,28,280,205,287,208,163.61,137.96,20.86
54,110,43.63,283.71,206.5,8,4,28,280,205,287,208,163.61,137.96,20.86
54,111,43.67,283.71,206.5,8,4,28,280,205,287,208,163.61,137.96,20.86
54,112,43.7,283.71,206.5,8,4,28,280,205,287,208,163.61,137.96,20.86
54,113,43.73,283.71,206.5,8,4,28,280,205,287,208,163.61,137.96,20.86
54,114,43.77,283.71,206.5,8,4,28,280,205,287,208,163.61,137.96,20.86
54,115,43.8,283.71,206.5,8,4,28,280,205,287,208,163.61,137.96,20.86
54,116,43.83,283.71,206.5,8,4,28,280,205,287,208,163.61,137.96,20.86
54,117,43.87,283.71,206.5,8,4,28,280,205,287,208,163.61,137.96,20.86
54,118,43.9,283.71,206.5,8,4,28,280,205,287,208,163.61,137.96,20.86
54,119,43.93,283.71,206.5,8,4,28,280,205,287,208,163.61,137.96,20.86
54,120,43.97,283.71,206.5,8,4,28,280,205,287,208,163.61,137.96,20.86
54,121,44.0,283.71,206.5,8,4,28,280,205,287,208,163.61,137.96,20.86
54,122,44.03,283.75,206.46,8,4,28,280,205,287,208,155.21,134.89,20.25
54,123,44.07,283.75,206.46,8,4,28,280,205,287,208,155.21,134.89,20.25
54,124,44.1,283.75,206.46,8,4,28,280,205,287,208,155.21,134.89,20.25
54,125,44.13,283.75,206.46,8,4,28,280,205,287,208,155.39,134.89,20.25
54,126,44.17,283.75,206.46,8,4,28,280,205,287,208,155.21,134.89,20.25
54,127,44.2,283.75,206.46,8,4,28,280,205,287,208,155.21,134.89,20.25
54,128,44.23,283.75,206.46,8,4,28,280,205,287,208,155.39,134.89,20.25
54,129,44.27,283.75,206.46,8,4,28,280,205,287,208,155.21,134.89,20.25
54,130,44.3,283.75,206.46,8,4,28,280,205,287,208,155.39,134.89,20.25
54,131,44.33,283.75,206.46,8,4,28,280,205,287,208,155.21,134.89,20.25
54,132,44.37,283.75,206.46,8,4,28,280,205,287,208,155.21,134.89,20.25
54,133,44.4,283.75,206.46,8,4,28,280,205,287,208,155.39,134.89,20.25
54,134,44.43,283.75,206.46,8,4,28,280,205,287,208,155.39,134.89,20.25
54,135,44.47,283.75,206.46,8,4,28,280,205,287,208,155.39,134.89,20.25
54,136,44.5,283.75,206.46,8,4,28,280,205,287,208,155.39,134.89,20.25
54,137,44.53,283.75,206.46,8,4,28,280,205,287,208,155.18,134.96,20.25
54,138,44.57,283.75,206.46,8,4,28,280,205,287,208,155.39,134.89,20.25
54,139,44.6,283.75,206.46,8,4,28,280,205,287,208,155.39,134.89,20.25
54,140,44.63,283.75,206.46,8,4,28,280,205,287,208,155.39,134.89,20.25
54,141,44.67,283.75,206.46,8,4,28,280,205,287,208,155.39,134.89,20.25
54,142,44.7,283.75,206.46,8,4,28,280,205,287,208,155.39,134.89,20.25
54,143,44.73,283.75,206.46,8,4,28,280,205,287,208,155.43,134.86,20.25
54,144,44.77,283.75,206.46,8,4,28,280,205,287,208,155.43,134.86,20.25
54,145,44.8,283.75,206.46,8,4,28,280,205,287,208,155.43,134.86,20.25
54,146,44.83,283.75,206.46,8,4,28,280,205,287,208,155.43,134.86,20.25
54,147,44.87,283.75,206.46,8,4,28,280,205,287,208,155.43,134.86,20.25
54,148,44.9,283.75,206.46,8,4,28,280,205,287,208,155.43,134.86,20.25
54,149,44.93,283.75,206.46,8,4,28,280,205,287,208,155.39,134.89,20.25
54,150,44.97,283.75,206.46,8,4,28,280,205,287,208,155.18,134.96,20.25
155,36,41.17,308.87,126.82,20,12,114,300,122,319,133,216.08,138.8,105.04
155,37,41.2,282.56,129.81,18,14,120,274,124,291,137,218.73,141.31,101.81
155,38,41.23,264.46,130.4,18,13,115,256,125,273,137,216.7,146.44,104.3
155,39,41.27,253.82,132.55,23,11,121,242,128,264,138,214.54,142.33,111.76
155,40,41.3,254.89,132.11,3,6,9,254,130,256,135,231.67,197.0,207.44
155,41,41.33,242.91,136.74,8,8,23,238,132,245,139,206.57,170.39,178.04
155,42,41.37,239.33,136.83,3,3,6,238,136,240,138,206.33,184.67,193.33
155,43,41.4,225.9,132.36,12,11,80,220,128,231,138,197.79,167.04,146.16
155,44,41.43,222.56,132.38,13,11,66,216,128,228,138,203.44,159.79,142.86
155,45,41.47,215.95,132.75,12,11,73,210,128,221,138,203.01,163.34,150.6
155,46,41.5,213.09,131.75,13,7,44,207,129,219,135,198.3,158.23,139.7
155,47,41.53,217.14,125.71,5,2,7,215,125,219,126,214.57,221.86,253.86
155,48,41.57,210.84,121.05,6,7,19,208,117,213,123,198.47,140.42,160.0
155,49,41.6,221.17,148.67,4,2,6,220,148,223,149,123.33,208.33,84.83
155,50,41.63,228.33,153.22,3,6,9,227,151,229,156,138.0,191.67,84.78
155,51,41.67,205.33,168.33,3,3,6,204,167,206,169,138.33,200.83,101.33
155,52,41.7,202.36,171.18,6,3,11,200,170,205,172,141.73,192.36,84.91
155,53,41.73,202.36,171.18,6,3,11,200,170,205,172,141.73,192.36,84.91
155,54,41.77,196.67,174.33,3,4,9,196,173,198,176,143.0,193.89,109.89
155,55,41.8,194.33,180.58,7,3,12,192,180,198,182,129.42,198.67,92.42
155,56,41.83,194.25,178.88,10,3,16,190,178,199,180,132.69,188.88,79.81
156,36,41.17,278.17,132.5,3,4,6,277,131,279,134,177.33,170.5,159.67
156,37,41.2,269.85,132.15,8,9,27,268,128,275,136,187.7,124.96,119.56
156,38,41.23,253.58,135.17,6,4,12,252,133,257,136,199.58,130.5,130.0
156,39,41.27,239.0,128.4,3,2,5,238,128,240,129,207.0,234.0,239.8
156,40,41.3,236.8,130.1,3,5,10,236,128,238,132,211.1,150.6,157.7
156,41,41.33,237.06,131.83,14,9,72,230,129,243,137,199.85,140.11,100.33
156,42,41.37,233.4,131.63,12,9,67,228,128,239,136,200.75,150.66,123.36
156,43,41.4,217.6,137.3,6,4,10,216,135,221,138,182.7,136.6,145.4
156,44,41.43,214.83,137.67,5,2,6,213,137,217,138,181.83,138.83,147.67
156,45,41.47,212.5,153.0,2,3,6,212,152,213,154,140.5,224.17,110.67
156,46,41.5,216.57,136.14,4,3,7,215,135,218,137,187.14,138.57,151.71
156,47,41.53,222.27,123.55,6,4,11,220,122,225,125,211.0,165.55,186.91
156,48,41.57,222.8,134.6,3,2,5,222,134,224,135,175.8,137.0,151.8
156,49,41.6,232.78,124.33,16,6,36,224,121,239,126,196.08,133.61,130.19
156,50,41.63,238.51,124.35,17,6,37,229,121,245,126,194.81,132.81,130.03
156,51,41.67,241.65,123.74,9,6,23,237,121,245,126,196.0,139.09,145.26
156,52,41.7,242.2,123.4,8,6,20,238,121,245,126,196.15,139.3,144.45
156,53,41.73,242.2,123.4,8,6,20,238,121,245,126,196.15,139.3,144.45
156,54,41.77,237.13,124.48,18,7,46,228,121,245,127,193.15,131.3,140.8
156,55,41.8,234.17,125.56,13,7,36,228,123,240,129,186.61,131.42,140.94
156,56,41.83,241.91,125.89,28,12,75,228,121,255,132,191.03,133.2,141.92
156,57,41.87,244.87,124.03,18,8,67,236,121,253,128,193.07,125.36,114.39
156,58,41.9,234.85,125.02,22,9,61,224,121,245,129,195.16,130.82,131.79
156,59,41.93,246.5,104.0,2,3,6,246,103,247,105,170.67,109.5,139.67
156,60,41.97,246.5,104.0,2,3,6,246,103,247,105,170.67,109.5,139.67
156,61,42.0,246.5,104.0,2,3,6,246,103,247,105,170.67,109.5,139.67
156,62,42.03,246.5,104.0,2,3,6,246,103,247,105,170.67,109.5,139.67
156,63,42.07,246.5,104.0,2,3,6,246,103,247,105,170.67,109.5,139.67
156,64,42.1,246.5,104.0,2,3,6,246,103,247,105,171.33,109.0,139.67
156,65,42.13,239.91,94.8,22,18,159,228,87,249,104,216.49,152.54,93.55
156,66,42.17,239.96,94.81,22,18,160,228,87,249,104,215.22,152.17,93.76
156,67,42.2,240.01,94.81,22,18,161,228,87,249,104,214.67,151.55,93.88
156,68,42.23,240.01,94.81,22,18,161,228,87,249,104,214.64,151.57,93.88
156,69,42.27,240.01,94.81,22,18,161,228,87,249,104,214.67,151.59,93.92
156,70,42.3,240.01,94.81,22,18,161,228,87,249,104,214.43,151.7,94.76
156,71,42.33,239.91,94.8,22,18,159,228,87,249,104,214.99,152.45,92.61
156,72,42.37,239.91,94.8,22,18,159,228,87,249,104,214.99,152.45,92.61
156,73,42.4,239.91,94.8,22,18,159,228,87,249,104,214.98,152.43,92.61
156,74,42.43,240.01,94.81,22,18,161,228,87,249,104,215.17,152.16,92.07
156,75,42.47,240.01,94.81,22,18,161,228,87,249,104,215.2,152.16,92.07
156,76,42.5,255.19,94.56,20,17,156,244,88,263,104,216.03,153.87,95.25
156,77,42.53,264.84,94.61,22,17,152,252,88,273,104,217.36,154.44,95.8
156,78,42.57,275.36,94.43,20,17,152,264,88,283,104,218.61,151.84,96.31
156,79,42.6,281.7,94.76,18,20,184,272,86,289,105,219.2,160.29,103.86
156,80,42.63,286.47,94.93,18,20,178,277,86,294,105,220.44,161.79,95.85
156,81,42.67,286.45,94.89,18,20,179,277,86,294,105,220.92,161.74,96.58
156,82,42.7,286.74,88.84,17,20,170,278,80,294,99,221.38,162.81,97.99
156,83,42.73,286.66,83.33,17,19,172,278,75,294,93,222.44,162.83,97.23
156,84,42.77,275.57,74.5,24,18,170,262,67,285,84,213.73,151.18,103.79
156,85,42.8,270.03,71.8,22,18,161,258,64,279,81,214.84,153.25,92.32
156,86,42.83,255.52,62.78,24,19,163,242,55,265,73,215.54,150.61,101.55
156,87,42.87,240.2,54.36,20,18,137,228,47,247,64,212.2,132.45,84.2
156,88,42.9,239.06,49.12,12,13,65,232,45,243,57,191.22,135.28,110.38
156,89,42.93,221.43,45.48,12,2,23,216,45,227,46,182.87,154.48,103.39
156,90,42.97,200.45,61.91,6,3,11,198,61,203,63,219.82,222.82,255.0
156,91,43.0,190.6,70.2,2,3,5,190,69,191,71,219.6,203.6,254.6
156,92,43.03,178.15,75.38,6,5,13,176,73,181,77,176.69,127.15,141.54
156,93,43.07,165.56,75.11,4,3,9,164,74,167,76,210.44,170.11,197.67
156,94,43.1,172.56,73.44,5,4,9,171,72,175,75,215.0,161.11,192.78
156,95,43.13,162.9,73.4,5,4,10,161,72,165,75,214.1,158.7,196.0
156,96,43.17,140.2,75.0,3,3,5,139,74,141,76,235.2,184.6,215.8
156,97,43.2,140.14,75.43,3,4,7,139,74,141,77,221.57,186.57,208.86
156,98,43.23,140.14,75.43,3,4,7,139,74,141,77,220.43,186.0,213.57
156,99,43.27,139.55,75.82,4,4,11,138,74,141,77,210.27,172.45,187.09
156,100,43.3,148.63,49.66,26,14,160,138,45,163,58,206.96,119.67,98.45
156,101,43.33,148.63,49.66,26,14,160,138,45,163,58,206.96,119.67,98.45
156,102,43.37,148.63,49.66,26,14,160,138,45,163,58,206.96,119.67,98.45
156,103,43.4,148.63,49.66,26,14,160,138,45,163,58,206.96,119.67,98.45
156,104,43.43,148.63,49.66,26,14,160,138,45,163,58,206.96,119.67,98.45
156,105,43.47,148.63,49.66,26,14,160,138,45,163,58,206.96,119.67,98.45
156,106,43.5,148.63,49.66,26,14,160,138,45,163,58,206.96,119.67,98.45
156,107,43.53,148.36,50.26,26,15,171,138,45,163,59,215.08,125.97,90.09
156,108,43.57,148.36,50.26,26,15,171,138,45,163,59,215.08,125.97,90.09
156,109,43.6,148.36,50.26,26,15,171,138,45,163,59,215.08,125.97,90.09
156,110,43.63,148.36,50.26,26,15,171,138,45,163,59,215.08,125.97,90.09
156,111,43.67,148.36,50.26,26,15,171,138,45,163,59,215.08,125.97,90.09
156,112,43.7,148.36,50.26,26,15,171,138,45,163,59,215.08,125.97,90.09
156,113,43.73,148.34,54.91,24,19,199,140,47,163,65,220.18,141.7,93.54
156,114,43.77,148.29,57.53,24,20,211,140,49,163,68,219.32,142.34,97.44
156,115,43.8,148.64,65.46,24,15,187,140,59,163,73,221.18,146.04,88.56
156,116,43.83,148.72,71.2,25,16,199,139,64,163,79,223.69,147.01,89.43
156,117,43.87,148.48,77.66,24,19,203,140,70,163,88,222.53,144.43,93.16
156,118,43.9,148.64,83.44,24,19,211,140,76,163,94,220.14,145.23,91.54
156,119,43.93,148.59,91.65,27,15,201,138,85,164,99,222.34,148.16,89.69
156,120,43.97,148.65,97.17,25,16,199,139,90,163,105,220.93,148.81,94.54
156,121,44.0,148.5,98.58,25,19,212,139,91,163,109,219.28,148.25,92.05
156,122,44.03,147.98,98.78,26,19,199,138,91,163,109,221.11,149.2,86.0
156,123,44.07,149.04,107.21,26,14,186,138,101,163,114,216.4,150.24,85.58
156,124,44.1,148.36,112.72,26,15,181,138,106,163,120,220.09,153.24,86.61
156,125,44.13,148.47,119.13,26,18,198,138,112,163,129,219.95,149.81,92.73
156,126,44.17,148.19,127.65,27,19,205,138,120,164,138,221.84,148.66,94.21
156,127,44.2,148.5,130.65,26,19,208,138,123,163,141,219.58,146.48,90.61
156,128,44.23,148.21,134.38,26,17,188,138,127,163,143,221.08,150.04,83.87
156,129,44.27,148.24,134.41,26,17,190,138,127,163,143,221.49,149.64,85.62
156,130,44.3,148.08,134.85,26,19,199,138,127,163,145,220.59,149.17,87.19
156,131,44.33,148.1,134.93,26,19,197,138,127,163,145,221.2,148.77,88.26
156,132,44.37,158.08,135.0,26,19,202,148,127,173,145,217.17,148.2,87.36
156,133,44.4,164.56,163.72,6,5,18,162,162,167,166,191.28,163.5,159.28
156,134,44.43,174.47,163.68,7,6,19,171,162,177,167,199.63,166.32,155.16
156,135,44.47,177.32,163.79,6,5,19,174,162,179,166,192.95,162.21,158.21
156,136,44.5,177.5,163.78,5,5,18,175,162,179,166,194.44,166.22,158.39
156,137,44.53,177.81,163.81,4,5,16,176,162,179,166,199.31,171.06,166.94
156,138,44.57,177.62,163.46,4,4,13,176,162,179,165,209.54,163.62,166.08
156,139,44.6,178.15,163.85,6,4,13,176,162,181,165,198.92,167.46,173.46
156,140,44.63,177.4,163.5,4,4,10,176,162,179,165,213.2,167.0,180.1
156,141,44.67,176.77,163.46,6,4,13,174,162,179,165,200.08,160.31,171.08
156,142,44.7,177.25,163.44,7,4,16,174,162,180,165,195.38,166.12,167.12
156,143,44.73,183.5,163.0,4,3,8,182,162,185,164,223.5,177.88,194.25
156,144,44.77,192.45,163.18,6,3,11,190,162,195,164,204.55,156.45,170.91
156,145,44.8,191.0,126.0,5,1,5,189,126,193,126,211.0,212.0,252.2
156,146,44.83,185.18,126.64,8,3,11,182,126,189,128,216.09,215.45,254.0
156,147,44.87,163.72,123.86,48,27,810,140,111,187,137,220.06,148.62,151.37
156,148,44.9,160.68,123.69,50,29,966,136,110,185,138,219.81,148.08,150.59
156,149,44.93,159.25,124.71,60,27,1174,130,112,189,138,219.52,146.44,132.37
156,150,44.97,168.38,125.12,7,2,8,165,125,171,126,206.62,224.62,248.75
270,67,42.2,225.14,127.29,4,3,7,224,126,227,128,173.43,120.43,146.14
270,68,42.23,224.46,128.23,6,10,26,222,123,227,132,191.77,141.92,140.65
270,69,42.27,217.33,131.78,4,4,9,216,130,219,133,187.22,138.11,148.33
270,70,42.3,210.4,130.2,2,3,5,210,129,211,131,181.0,121.2,135.0
270,71,42.33,208.8,126.98,12,7,44,204,124,215,130,204.84,127.64,106.52
270,72,42.37,202.25,127.02,11,7,48,197,124,207,130,214.62,129.73,98.29
270,73,42.4,195.22,126.85,8,6,27,192,125,199,130,196.04,127.67,107.59
270,74,42.43,190.0,126.62,5,2,8,188,126,192,127,206.25,118.0,120.25
270,75,42.47,187.21,127.64,5,6,14,185,125,189,130,200.57,134.29,142.93
270,76,42.5,190.5,128.67,4,2,6,189,128,192,129,219.33,200.83,241.83
270,77,42.53,186.8,120.84,13,12,49,181,116,193,127,230.76,194.16,245.18
270,78,42.57,190.84,121.07,14,15,56,184,115,197,129,232.43,193.27,246.88
270,79,42.6,194.58,119.33,12,22,121,189,109,200,130,231.45,204.45,241.37
270,80,42.63,200.7,117.95,13,24,166,195,107,207,130,240.59,209.65,240.8
270,81,42.67,204.08,116.85,14,26,201,198,105,211,130,244.45,208.48,242.53
270,82,42.7,206.13,116.79,24,23,163,195,106,218,128,242.65,202.91,232.61
270,83,42.73,210.47,116.64,26,24,182,198,105,223,128,242.47,201.04,230.21
270,84,42.77,216.13,116.25,51,28,871,189,102,239,129,215.43,146.48,150.46
270,85,42.8,218.45,115.84,48,30,928,194,100,241,129,217.44,148.23,151.13
270,86,42.83,215.37,117.84,80,30,1465,172,103,251,132,216.36,147.02,135.71
270,87,42.87,191.62,125.27,34,15,342,176,118,209,132,218.62,151.56,140.76
270,88,42.9,187.43,126.32,54,17,477,160,118,213,134,215.71,150.82,143.0
270,89,42.93,190.39,125.36,52,18,448,164,117,215,134,219.58,150.82,142.83
270,90,42.97,181.04,129.45,24,12,194,170,124,193,135,202.89,149.39,122.82
270,91,43.0,181.72,129.17,24,11,167,172,124,195,134,206.04,149.13,123.08
270,92,43.03,184.3,149.5,4,4,10,183,148,186,151,128.5,222.1,73.7
270,93,43.07,183.35,151.65,5,5,17,182,150,186,154,129.18,226.12,63.88
270,94,43.1,202.03,126.38,18,8,40,193,123,210,130,214.07,211.88,249.38
270,95,43.13,203.93,118.83,9,8,29,200,116,208,123,223.66,198.0,251.28
270,96,43.17,205.33,116.0,4,3,9,204,115,207,117,223.56,206.89,255.0
270,97,43.2,202.25,122.38,6,2,8,200,122,205,123,125.62,214.38,94.5
270,98,43.23,202.33,121.67,6,2,9,200,121,205,122,125.44,212.78,97.0
270,99,43.27,216.4,128.2,2,3,5,216,127,217,129,170.2,117.2,131.4
270,100,43.3,221.5,129.67,4,2,6,220,129,223,130,159.5,150.5,136.0
270,101,43.33,218.2,128.4,3,2,5,217,128,219,129,127.6,215.8,105.6
270,102,43.37,197.62,103.75,4,4,8,196,102,199,105,169.5,129.0,145.25
270,103,43.4,203.96,100.3,8,6,27,200,98,207,103,197.07,124.96,113.15
270,104,43.43,205.31,98.92,6,4,13,202,98,207,101,194.85,130.77,125.69
270,105,43.47,199.69,98.96,15,17,78,193,92,207,108,229.05,197.5,248.9
270,106,43.5,202.85,94.77,11,22,137,198,85,208,106,230.99,205.39,243.62
270,107,43.53,208.78,92.29,13,24,163,203,81,215,104,239.94,202.09,228.05
270,108,43.57,210.18,90.61,16,28,190,204,76,219,103,242.12,208.02,239.78
270,109,43.6,216.63,89.03,25,22,147,204,79,228,100,247.1,197.27,229.22
270,110,43.63,221.02,86.98,25,24,161,209,76,233,99,246.29,198.08,227.56
270,111,43.67,224.11,86.84,46,26,784,200,75,245,100,223.52,148.96,144.94
270,112,43.7,228.47,85.64,46,29,882,206,72,251,100,219.73,148.06,145.51
270,113,43.73,234.13,84.41,62,25,1147,202,72,263,96,222.88,150.37,132.25
270,114,43.77,235.78,82.67,66,27,1241,202,70,267,96,222.81,150.3,132.53
270,115,43.8,220.78,115.11,5,4,9,219,114,223,117,206.11,116.11,143.67
270,116,43.83,213.83,89.67,4,2,6,212,89,215,90,212.83,217.67,253.33
270,117,43.87,192.56,93.08,27,9,155,182,89,208,97,216.74,157.88,150.33
270,118,43.9,189.99,91.74,26,10,171,179,87,204,96,218.2,153.33,150.24
270,119,43.93,186.5,89.75,6,3,8,184,89,189,91,212.25,225.38,243.12
270,120,43.97,183.46,88.34,21,10,56,173,84,193,93,218.93,215.25,252.68
270,121,44.0,183.2,87.05,21,11,59,173,82,193,92,218.12,214.95,248.07
270,122,44.03,181.95,83.72,16,15,65,174,77,189,91,231.48,194.66,253.0
270,123,44.07,179.67,82.23,18,16,82,171,75,188,90,231.18,194.23,253.1
270,124,44.1,177.01,79.46,12,22,140,172,69,183,90,237.5,207.21,242.46
270,125,44.13,174.56,77.83,13,24,162,169,66,181,89,239.29,207.36,243.76
270,126,44.17,170.5,74.6,14,26,193,164,62,177,87,241.84,207.59,236.19
270,127,44.2,169.27,74.96,13,27,196,163,62,175,88,240.83,208.21,230.66
270,128,44.23,167.11,71.75,28,28,229,154,60,181,87,232.29,172.24,210.74
270,129,44.27,164.4,72.65,44,26,756,144,60,187,85,222.9,148.69,151.48
270,130,44.3,163.53,71.93,46,27,808,142,59,187,85,221.52,147.7,152.05
270,131,44.33,159.88,71.22,56,26,1032,132,59,187,84,219.1,147.84,132.41
270,132,44.37,158.0,68.73,62,29,1296,128,55,189,83,216.58,144.72,128.35
270,133,44.4,161.6,66.7,13,4,40,156,65,168,68,206.88,221.47,234.18
270,134,44.43,175.59,92.7,34,16,422,160,85,193,100,218.96,149.15,136.15
270,135,44.47,163.5,90.33,8,2,12,160,90,167,91,206.67,226.33,237.33
270,136,44.5,156.25,88.25,6,2,8,154,88,159,89,208.62,227.25,242.25
270,137,44.53,168.14,86.24,34,17,140,152,78,185,94,213.53,215.61,241.98
270,138,44.57,163.86,80.64,27,27,209,151,68,177,94,219.32,193.91,238.51
270,139,44.6,162.61,79.68,26,24,190,150,68,175,91,224.81,194.98,240.6
270,140,44.63,159.86,74.52,20,38,368,150,56,169,93,235.65,211.37,242.42
270,141,44.67,157.58,71.83,20,41,452,148,52,167,92,235.15,212.51,241.59
270,142,44.7,155.51,67.65,24,47,576,144,45,167,91,241.25,211.01,234.24
270,143,44.73,154.17,66.36,25,46,623,143,45,167,90,241.43,212.99,237.23
270,144,44.77,113.6,50.8,2,3,5,113,50,114,52,186.0,151.4,154.0
270,145,44.8,113.6,50.8,2,3,5,113,50,114,52,186.0,151.4,154.0
270,146,44.83,113.6,50.8,2,3,5,113,50,114,52,186.0,151.4,154.0
270,147,44.87,113.6,50.8,2,3,5,113,50,114,52,186.0,151.4,154.0
270,148,44.9,113.6,50.8,2,3,5,113,50,114,52,186.0,151.4,154.0
270,149,44.93,113.6,50.8,2,3,5,113,50,114,52,186.0,151.4,154.0
270,150,44.97,113.6,50.8,2,3,5,113,50,114,52,186.0,151.4,154.0
273,67,42.2,267.71,188.86,4,3,7,266,188,269,190,140.0,223.71,118.43
273,68,42.23,267.83,188.67,4,2,6,266,188,269,189,127.67,213.83,105.67
273,69,42.27,267.6,188.8,4,2,5,266,188,269,189,128.8,213.2,106.6
273,70,42.3,221.29,163.29,5,3,7,219,162,223,164,131.43,165.86,95.0
273,71,42.33,226.83,150.67,4,3,6,225,150,228,152,130.67,228.67,95.0
273,72,42.37,225.25,150.5,5,4,8,223,149,227,152,128.5,223.88,92.12
273,73,42.4,225.64,150.64,10,7,25,222,147,231,153,132.0,213.12,92.0
273,74,42.43,222.06,151.62,7,5,16,219,149,225,153,133.56,223.88,85.19
273,75,42.47,223.31,152.62,12,6,29,218,150,229,155,128.59,220.76,80.9
273,76,42.5,224.5,164.88,2,5,8,224,163,225,167,125.75,203.25,103.75
273,77,42.53,221.0,165.0,1,5,5,221,163,221,167,131.6,207.6,100.6
273,78,42.57,221.17,156.67,4,2,6,220,156,223,157,133.17,187.5,112.33
273,79,42.6,221.17,156.67,4,2,6,220,156,223,157,130.17,187.5,108.5
273,80,42.63,229.88,151.19,5,6,16,228,149,232,154,134.25,207.88,81.94
273,81,42.67,251.5,193.0,8,1,8,248,193,255,193,144.62,193.88,122.62
273,82,42.7,243.5,156.67,4,2,6,242,156,245,157,139.33,210.33,114.17
273,83,42.73,207.0,128.75,8,3,12,204,128,211,130,185.25,78.33,149.0
273,84,42.77,190.11,146.56,7,6,18,187,144,193,149,129.72,223.33,100.22
273,85,42.8,187.93,146.21,7,4,14,185,145,191,148,133.21,228.07,108.5
273,86,42.83,199.5,160.12,4,5,8,198,158,201,162,135.0,200.38,72.62
273,87,42.87,153.68,144.89,8,5,19,150,143,157,147,128.63,218.0,77.95
273,88,42.9,116.17,159.82,12,15,60,111,151,122,165,138.28,199.35,93.13
273,89,42.93,108.96,157.96,7,6,28,106,156,112,161,140.29,197.61,85.64
273,90,42.97,99.82,154.59,7,7,22,97,152,103,158,136.73,208.68,102.55
273,91,43.0,96.41,157.17,8,11,29,93,153,100,163,141.86,214.55,105.41
273,92,43.03,88.4,155.2,2,3,5,88,154,89,156,136.6,222.2,113.2
273,93,43.07,78.17,156.33,3,3,6,77,155,79,157,140.67,219.0,115.0
297,76,42.5,258.0,122.75,5,4,12,256,121,260,124,203.92,147.5,159.5
297,77,42.53,264.6,125.2,2,3,5,264,124,265,126,181.6,130.2,153.6
297,78,42.57,274.6,125.2,2,3,5,274,124,275,126,181.6,130.2,153.6
297,79,42.6,297.57,109.43,6,2,7,295,109,300,110,209.14,228.86,247.57
297,80,42.63,275.2,98.2,3,3,5,274,97,276,99,217.6,185.6,202.6
297,81,42.67,275.2,98.2,3,3,5,274,97,276,99,217.6,185.6,202.6
297,82,42.7,256.5,105.0,6,1,6,254,105,259,105,220.33,223.0,255.0
297,83,42.73,223.5,113.5,2,4,6,223,112,224,115,199.83,62.33,173.0
297,84,42.77,240.57,101.14,6,2,7,238,101,243,102,215.86,214.71,255.0
297,85,42.8,262.29,101.88,6,5,17,260,100,265,104,201.47,140.47,140.82
297,86,42.83,247.33,93.33,8,3,12,244,92,251,94,191.67,130.83,142.08
297,87,42.87,232.2,84.4,6,3,10,230,83,235,85,204.2,141.0,146.4
297,88,42.9,234.4,81.8,2,3,5,234,81,235,83,172.0,125.8,138.0
297,89,42.93,228.57,79.57,2,4,7,228,78,229,81,173.86,115.71,124.29
297,90,42.97,212.8,80.4,3,2,5,212,80,214,81,181.8,143.2,136.4
297,91,43.0,208.2,79.6,2,4,5,208,78,209,81,185.2,128.8,134.8
297,92,43.03,203.17,113.67,4,2,6,202,113,205,114,209.17,222.33,244.33
297,93,43.07,207.17,128.67,4,2,6,206,128,209,129,132.33,198.17,98.67
297,94,43.1,219.67,112.59,32,30,265,205,98,236,127,225.69,195.06,243.6
297,95,43.13,222.59,108.43,21,38,419,212,90,232,127,234.75,209.34,242.03
297,96,43.17,226.26,105.91,22,43,485,216,84,237,126,232.36,209.35,242.69
297,97,43.2,232.85,103.61,28,51,666,218,80,245,130,237.23,209.89,234.24
297,98,43.23,235.05,101.77,29,54,761,220,77,248,130,238.28,209.8,234.8
297,99,43.27,234.46,113.69,2,8,13,234,110,235,117,193.31,59.46,159.46
297,100,43.3,232.69,107.62,10,8,26,229,105,238,112,195.62,100.81,163.81
297,101,43.33,231.91,110.17,7,7,23,228,107,234,113,200.57,71.3,165.52
297,102,43.37,239.48,116.86,46,27,788,218,104,263,130,218.39,150.66,151.84
297,103,43.4,247.54,115.3,48,30,977,224,101,271,130,219.75,152.11,151.3
297,104,43.43,249.9,116.87,56,26,1078,224,105,279,130,220.63,150.25,133.45
297,105,43.47,256.61,113.47,62,29,1371,226,100,287,128,218.91,148.6,131.43
297,106,43.5,225.14,123.43,3,4,7,224,122,226,125,129.43,198.0,92.86
297,107,43.53,226.83,105.67,4,5,12,226,104,229,108,195.25,134.08,137.33
297,108,43.57,227.94,105.82,5,5,17,226,104,230,108,176.18,147.76,129.88
297,109,43.6,236.33,108.25,6,3,12,234,107,239,109,173.17,136.08,133.08
297,110,43.63,243.7,111.63,8,6,30,240,109,247,114,181.23,141.97,130.77
297,111,43.67,249.06,111.25,6,4,16,246,110,251,113,184.44,139.06,127.31
297,112,43.7,255.89,112.78,4,3,9,254,112,257,114,203.11,142.56,122.44
297,113,43.73,258.73,114.59,8,6,22,256,113,263,118,185.14,145.05,131.0
297,114,43.77,259.83,115.5,4,4,12,258,114,261,117,173.58,138.67,126.08
297,115,43.8,262.67,116.67,5,3,9,260,116,264,118,185.56,134.67,119.89
297,116,43.83,267.11,119.22,3,5,9,266,117,268,121,175.22,136.56,135.67
297,117,43.87,270.75,119.08,5,4,12,268,118,272,121,178.25,133.17,126.67
297,118,43.9,275.67,121.22,4,3,9,274,120,277,122,184.56,141.44,140.56
297,119,43.93,281.25,123.58,4,4,12,280,122,283,125,183.17,139.17,141.75
297,120,43.97,281.2,124.1,4,3,10,280,123,283,125,187.2,139.2,137.1
297,121,44.0,281.2,125.1,4,3,10,280,124,283,126,188.9,142.7,137.4
297,122,44.03,281.2,126.4,3,2,5,280,126,282,127,207.0,156.6,157.2
297,123,44.07,283.0,129.25,4,3,8,282,128,285,130,188.38,153.88,161.75
297,124,44.1,236.33,136.17,4,3,6,235,135,238,137,219.17,214.83,252.17
297,125,44.13,236.6,137.4,4,2,5,235,137,238,138,219.2,215.0,254.2
297,126,44.17,237.4,139.6,4,2,5,236,139,239,140,211.2,218.2,253.0
297,127,44.2,234.19,132.06,6,4,16,232,131,237,134,185.75,132.0,129.56
297,128,44.23,240.17,133.83,5,3,12,238,133,242,135,194.92,132.92,113.17
297,129,44.27,250.75,135.88,8,4,16,248,135,255,138,198.75,138.56,112.81
297,130,44.3,252.17,136.83,5,3,12,250,136,254,138,217.33,158.83,136.42
297,131,44.33,258.4,138.7,6,3,10,256,138,261,140,194.8,135.0,122.7
297,132,44.37,235.57,117.43,6,2,7,233,117,238,118,211.71,219.0,254.71
297,133,44.4,232.83,119.67,5,2,6,231,119,235,120,210.33,214.83,253.67
297,134,44.43,233.0,121.5,5,2,6,231,121,235,122,211.83,220.67,251.83
297,135,44.47,230.14,122.43,5,2,7,228,122,232,123,210.57,213.0,253.57
297,136,44.5,230.0,124.5,5,2,6,228,124,232,125,212.83,221.33,253.33
297,137,44.53,226.86,125.57,5,2,7,225,125,229,126,210.57,216.14,253.86
297,138,44.57,226.0,128.0,5,1,5,224,128,228,128,210.2,219.6,252.8
297,139,44.6,224.14,128.43,5,2,7,222,128,226,129,212.29,216.71,254.29
297,140,44.63,221.2,128.8,4,2,5,220,128,223,129,213.8,213.2,255.0
297,141,44.67,201.0,126.17,5,2,6,199,126,203,127,216.5,215.0,255.0
297,142,44.7,197.2,126.7,8,3,10,194,126,201,128,212.8,221.5,255.0
297,143,44.73,192.07,133.96,26,19,210,182,126,207,144,222.14,159.03,104.23
297,144,44.77,203.05,134.59,26,18,220,192,128,217,145,220.9,160.96,108.24
297,145,44.8,179.57,123.57,4,4,7,178,122,181,125,200.57,62.14,167.29
297,146,44.83,179.92,121.0,4,8,13,178,117,181,124,195.62,65.31,167.08
297,147,44.87,199.62,129.62,5,2,8,198,129,202,130,213.38,227.25,251.88
297,148,44.9,194.14,129.43,5,2,7,192,129,196,130,213.29,226.43,253.29
329,82,42.7,248.1,105.4,9,2,10,244,105,252,106,216.5,227.8,255.0
329,83,42.73,209.0,106.86,5,3,7,207,106,211,108,189.43,70.29,162.86
329,84,42.77,182.56,146.06,8,4,18,178,144,185,147,139.44,225.67,108.56
329,85,42.8,175.43,161.43,4,4,7,174,160,177,163,141.29,163.43,96.43
329,86,42.83,200.14,155.71,3,3,7,199,155,201,157,132.14,204.86,108.57
329,87,42.87,238.88,114.67,14,4,33,232,113,245,116,205.3,224.33,240.45
329,88,42.9,224.96,111.27,19,6,52,217,109,235,114,205.31,224.17,240.12
329,89,42.93,236.78,111.1,23,7,72,227,108,249,114,205.36,224.11,240.38
329,90,42.97,201.0,121.25,6,2,8,198,121,203,122,209.25,223.75,245.38
329,91,43.0,198.64,120.45,6,2,11,196,120,201,121,208.64,222.45,242.55
329,92,43.03,195.14,111.86,6,2,7,193,111,198,112,208.43,223.86,248.0
329,93,43.07,187.17,124.17,3,3,6,186,123,188,125,206.83,213.0,216.5
329,94,43.1,234.71,88.29,6,2,7,232,88,237,89,209.43,228.86,255.0
329,95,43.13,234.69,87.0,8,3,13,231,86,238,88,212.23,221.0,254.77
329,96,43.17,236.0,86.36,8,4,14,232,85,239,88,222.14,197.86,248.21
329,97,43.2,223.71,87.14,6,7,21,221,84,226,90,197.81,70.9,168.19
329,98,43.23,224.43,85.61,7,10,28,221,81,227,90,195.04,70.29,168.46
329,99,43.27,220.25,109.0,3,5,8,219,107,221,111,200.62,82.62,165.75
329,100,43.3,226.11,111.61,5,6,18,224,109,228,114,201.17,71.28,164.83
329,101,43.33,221.6,108.8,2,3,5,221,108,222,110,222.6,205.0,255.0
329,102,43.37,194.18,101.88,6,5,17,192,100,197,104,196.82,124.94,108.47
329,103,43.4,185.58,100.82,14,7,33,179,98,192,104,213.67,221.76,244.3
329,104,43.43,193.48,100.65,14,14,63,186,94,199,107,229.83,197.49,251.94
329,105,43.47,167.27,75.64,4,4,11,166,74,169,77,184.91,156.18,157.45
329,106,43.5,166.57,75.71,2,4,7,166,74,167,77,171.86,133.43,141.86
329,107,43.53,172.69,104.93,10,7,45,168,102,177,108,205.36,111.56,99.58
329,108,43.57,176.88,108.38,6,3,8,174,107,179,109,168.5,125.75,120.5
329,109,43.6,182.0,108.0,5,4,12,180,107,184,110,209.67,140.5,93.92
329,110,43.63,192.22,110.78,4,5,9,190,108,193,112,191.22,134.78,137.33
329,111,43.67,201.69,98.54,4,6,13,200,96,203,101,254.54,195.23,245.62
329,112,43.7,200.53,96.24,4,8,17,199,93,202,100,245.12,200.41,249.12
329,113,43.73,201.0,96.1,5,5,10,199,94,203,98,252.7,187.1,243.0
329,114,43.77,199.78,96.33,5,4,9,198,95,202,98,253.11,187.0,243.89
329,115,43.8,195.72,93.44,18,10,116,188,89,205,98,211.05,156.04,166.96
329,116,43.83,194.12,92.53,20,10,119,186,88,205,97,218.24,153.65,161.6
329,117,43.87,178.3,118.0,4,6,10,176,115,179,120,172.0,115.0,112.9
329,118,43.9,178.75,118.12,6,4,16,176,117,181,120,198.0,123.44,91.81
329,119,43.93,184.2,121.8,2,4,5,184,120,185,123,192.8,149.6,148.0
329,120,43.97,193.12,123.12,8,5,26,190,121,197,125,187.85,129.58,124.88
329,121,44.0,195.28,123.0,7,4,18,192,122,198,125,203.06,137.94,118.78
329,122,44.03,205.0,124.5,5,4,14,203,123,207,126,207.93,140.5,118.29
329,123,44.07,215.24,125.88,8,4,17,212,125,219,128,190.59,134.53,129.12
329,124,44.1,218.93,127.86,6,4,14,216,127,221,130,200.29,138.07,118.5
329,125,44.13,222.79,128.93,6,4,14,220,128,225,131,188.07,129.57,112.5
329,126,44.17,231.26,129.95,8,4,19,228,129,235,132,187.63,133.89,130.89
329,127,44.2,234.0,109.5,5,2,6,232,109,236,110,212.17,211.0,255.0
329,128,44.23,235.25,111.62,6,2,8,233,111,238,112,210.12,220.75,252.0
329,129,44.27,234.14,113.43,5,2,7,232,113,236,114,211.29,220.29,250.71
329,130,44.3,233.2,113.8,4,2,5,232,113,235,114,213.4,215.0,255.0
329,131,44.33,235.5,116.5,6,2,8,233,116,238,117,210.25,216.38,253.38
329,132,44.37,215.0,114.0,5,1,5,213,114,217,114,222.6,220.6,255.0
329,133,44.4,214.0,117.0,5,1,5,212,117,216,117,215.8,219.2,255.0
329,134,44.43,212.33,118.44,6,2,9,210,118,215,119,213.44,215.11,255.0
329,135,44.47,210.5,120.0,6,1,6,208,120,213,120,215.67,228.5,255.0
329,136,44.5,209.25,121.38,6,2,8,207,121,212,122,212.62,219.0,255.0
329,137,44.53,207.5,123.0,6,1,6,205,123,210,123,215.33,228.0,255.0
329,138,44.57,205.5,125.0,6,1,6,203,125,208,125,217.33,223.67,255.0
329,139,44.6,204.33,125.78,7,2,9,201,125,207,126,211.56,219.22,255.0
329,140,44.63,202.0,126.0,5,1,5,200,126,204,126,218.6,209.8,255.0
329,141,44.67,193.6,127.4,4,2,5,192,127,195,128,212.0,233.0,255.0
329,142,44.7,183.21,130.96,30,31,314,172,115,201,145,229.08,173.4,142.31
329,143,44.73,174.17,123.96,11,23,147,169,113,179,135,237.77,207.45,240.63
329,144,44.77,171.81,123.46,13,25,173,166,111,178,135,240.28,211.53,236.83
329,145,44.8,169.59,123.49,23,23,138,158,113,180,135,240.73,198.98,235.13
329,146,44.83,167.73,122.74,24,24,178,156,112,179,135,238.89,201.48,231.53
334,82,42.7,265.6,147.4,4,2,5,264,147,267,148,127.2,219.6,100.4
334,83,42.73,295.8,110.2,4,2,5,294,110,297,111,161.8,105.2,131.2
334,84,42.77,267.19,104.62,8,4,16,264,103,271,106,196.56,138.06,151.25
334,85,42.8,269.17,102.17,3,3,6,268,101,270,103,179.67,136.83,144.67
334,86,42.83,229.0,100.0,9,1,9,225,100,233,100,208.44,235.89,255.0
334,87,42.87,220.24,96.71,14,2,17,213,96,226,97,226.29,217.94,253.53
334,88,42.9,226.71,81.71,7,5,17,224,80,230,84,196.53,142.29,151.41
334,89,42.93,211.97,75.76,9,6,29,208,73,216,78,180.72,131.21,141.72
334,90,42.97,196.95,75.71,8,6,21,194,73,201,78,175.14,126.29,138.38
334,91,43.0,192.04,75.63,9,6,27,188,73,196,78,184.3,134.48,147.74
334,92,43.03,188.0,49.68,7,5,25,185,48,191,52,202.56,96.32,62.44
334,93,43.07,173.69,49.74,24,14,147,164,45,187,58,210.31,118.71,92.24
334,94,43.1,158.78,49.66,26,14,161,148,45,173,58,207.61,120.24,99.0
334,95,43.13,148.63,49.66,26,14,160,138,45,163,58,206.96,119.67,98.45
334,96,43.17,148.63,49.66,26,14,160,138,45,163,58,206.96,119.67,98.45
334,97,43.2,148.63,49.66,26,14,160,138,45,163,58,206.96,119.67,98.45
334,98,43.23,148.63,49.66,26,14,160,138,45,163,58,206.96,119.67,98.45
334,99,43.27,148.63,49.66,26,14,160,138,45,163,58,206.96,119.67,98.45
334,100,43.3,166.5,76.0,2,3,6,166,75,167,77,163.5,125.5,120.5
334,101,43.33,166.5,76.0,2,3,6,166,75,167,77,164.17,123.83,125.17
334,102,43.37,166.5,76.0,2,3,6,166,75,167,77,173.5,122.17,115.17
334,103,43.4,161.8,103.8,4,2,5,160,103,163,104,201.2,152.8,159.8
334,104,43.43,161.2,103.8,4,2,5,160,103,163,104,195.4,144.0,154.2
334,105,43.47,136.4,80.2,2,3,5,136,79,137,81,158.8,118.6,128.0
334,106,43.5,140.17,75.17,3,3,6,139,74,141,76,223.83,186.5,199.33
334,107,43.53,125.95,106.17,17,9,80,118,102,134,110,189.68,127.01,117.03
334,108,43.57,127.11,105.26,12,9,62,122,102,133,110,212.24,138.79,102.65
334,109,43.6,136.19,106.36,12,7,36,132,104,143,110,202.28,125.33,96.5
334,110,43.63,143.5,109.88,15,8,48,137,106,151,113,194.38,130.52,118.0
334,111,43.67,148.78,108.28,11,6,36,143,106,153,111,198.47,124.67,98.44
334,112,43.7,155.91,112.04,11,7,45,151,109,161,115,191.89,132.78,123.69
334,113,43.73,158.36,112.77,11,7,44,153,110,163,116,190.75,132.75,121.95
334,114,43.77,159.61,114.34,12,7,41,154,111,165,117,191.85,130.2,117.56
334,115,43.8,165.61,115.48,12,8,46,160,112,171,119,204.41,140.48,121.54
334,116,43.83,170.17,115.64,10,7,36,166,113,175,119,200.11,123.33,103.94
334,117,43.87,173.53,116.29,7,4,17,170,115,176,118,197.65,119.29,102.12
334,118,43.9,142.43,102.86,2,5,7,142,101,143,105,222.86,194.71,241.14
334,119,43.93,144.2,101.53,6,4,15,142,100,147,103,204.53,133.4,136.33
334,120,43.97,144.25,107.33,6,3,12,142,106,147,108,207.33,135.75,142.0
334,121,44.0,152.0,120.91,5,4,11,150,120,154,123,190.91,150.91,134.64
334,122,44.03,155.22,122.89,5,3,9,153,122,157,124,177.56,112.78,100.89
334,123,44.07,144.64,116.36,6,4,11,142,115,147,118,203.64,112.55,124.27
334,124,44.1,144.88,122.88,5,3,8,143,122,147,124,194.88,118.88,143.5
334,125,44.13,164.76,146.24,9,6,29,161,144,169,149,193.45,155.93,151.48
334,126,44.17,164.71,155.42,10,7,38,160,153,169,159,178.32,161.26,135.16
334,127,44.2,164.32,157.85,10,7,34,160,155,169,161,187.21,152.88,144.03
334,128,44.23,164.38,162.19,10,7,37,160,159,169,165,188.24,159.16,147.59
334,129,44.27,164.46,162.18,10,7,39,160,159,169,165,193.44,160.67,148.77
334,130,44.3,164.68,162.35,10,6,37,160,160,169,165,193.27,161.14,147.92
334,131,44.33,163.97,162.09,10,6,32,160,160,169,165,193.72,155.16,148.06
334,132,44.37,174.74,162.06,10,7,34,170,159,179,165,184.09,150.41,146.29
334,133,44.4,181.39,133.4,40,21,318,164,125,203,145,218.88,147.36,116.99
334,134,44.43,186.74,133.47,28,20,291,174,126,201,145,216.52,146.63,110.84
334,135,44.47,188.18,134.25,25,18,252,177,128,201,145,218.63,146.7,97.94
334,136,44.5,188.11,133.92,25,19,260,177,127,201,145,220.7,148.48,95.57
334,137,44.53,186.77,135.05,25,19,207,177,127,201,145,218.16,151.81,91.88
334,138,44.57,186.59,135.12,25,18,203,177,128,201,145,216.51,150.63,89.51
334,139,44.6,186.56,135.19,25,18,200,177,128,201,145,218.12,150.96,89.64
334,140,44.63,185.54,133.4,27,26,239,175,120,201,145,221.77,154.92,110.56
334,141,44.67,184.93,132.94,30,27,250,172,119,201,145,222.72,156.47,113.57
334,142,44.7,203.36,146.18,5,5,11,201,144,205,148,227.64,186.82,223.91
334,143,44.73,189.29,144.14,4,3,7,188,143,191,145,199.71,128.57,144.0
334,144,44.77,190.78,152.13,14,9,86,184,148,197,156,211.59,157.69,150.22
334,145,44.8,173.23,129.83,9,8,30,169,126,177,133,202.43,74.5,165.87
334,146,44.83,170.41,130.63,13,11,49,164,125,176,135,207.65,82.02,165.39
