z,position_scale_q8_8,position_scale,tree_width,tree_height,em0_width,em0_height,boss_body_width,boss_body_height,boss_face_width,boss_face_height
0,408,1.59375000,68,158,110,58,82,54,80,116
1,390,1.52343750,67,155,108,57,80,53,78,114
2,371,1.44921875,65,151,105,56,78,52,76,111
3,360,1.40625000,62,144,100,54,76,51,74,108
4,348,1.35937500,59,137,95,51,74,49,72,105
5,340,1.32812500,57,132,91,49,72,48,70,103
6,331,1.29296875,54,126,87,46,70,47,68,100
7,313,1.22265625,52,122,84,45,68,46,66,97
8,294,1.14843750,50,117,81,43,66,44,64,94
9,290,1.13281250,49,114,79,42,65,44,63,93
10,286,1.11718750,47,110,76,40,64,43,62,91
11,273,1.06640625,46,108,74,39,63,42,61,90
12,260,1.01562500,45,105,72,38,62,41,60,88
13,255,0.99609375,44,102,70,37,61,41,59,87
14,249,0.97265625,43,99,68,36,60,40,58,85
15,243,0.94921875,42,96,66,35,59,39,57,84
16,236,0.92187500,40,92,64,34,58,38,56,82
17,229,0.89453125,39,89,63,33,58,38,56,81
18,222,0.86718750,37,86,61,32,57,37,55,80
19,216,0.84375000,36,84,60,32,56,37,55,79
20,209,0.81640625,35,81,58,31,55,36,54,78
21,202,0.78906250,34,79,57,30,55,36,54,77
22,195,0.76171875,33,77,55,29,54,35,53,76
23,189,0.73828125,32,75,54,28,53,35,53,75
24,183,0.71484375,31,72,52,27,52,34,52,74
25,178,0.69531250,30,70,50,26,52,34,51,73
26,172,0.67187500,29,68,48,25,51,33,50,72
27,168,0.65625000,28,66,46,24,50,33,49,71
28,164,0.64062500,27,63,44,23,49,32,48,70
29,160,0.62500000,27,62,43,23,49,32,47,69
30,156,0.60937500,26,60,42,22,48,31,46,68
31,152,0.59375000,26,59,42,22,47,31,45,67
32,148,0.57812500,25,58,41,22,46,30,44,66
33,145,0.56640625,24,56,40,22,46,30,44,65
34,142,0.55468750,23,53,39,21,45,30,43,64
35,138,0.53906250,23,52,39,21,44,30,43,63
36,134,0.52343750,22,51,38,20,43,29,42,62
37,131,0.51171875,22,50,38,20,43,29,42,61
38,128,0.50000000,22,49,37,19,42,29,41,60
39,124,0.48437500,22,49,36,19,41,29,41,59
40,120,0.46875000,21,47,34,18,40,28,40,58
41,117,0.45703125,21,46,33,18,40,28,40,58
42,114,0.44531250,20,45,32,17,39,27,39,57
43,111,0.43359375,20,45,32,17,39,27,39,56
44,108,0.42187500,19,44,31,17,38,26,38,55
45,105,0.41015625,18,42,30,17,38,26,38,55
46,102,0.39843750,17,39,29,16,37,25,37,54
47,99,0.38671875,17,38,29,16,37,25,37,53
48,96,0.37500000,16,37,28,15,36,24,36,52
49,94,0.36718750,16,36,28,15,36,24,36,51
50,92,0.35937500,16,35,28,15,35,23,35,50
51,89,0.34765625,16,35,28,15,35,23,35,49
52,86,0.33593750,16,35,27,14,34,22,34,48
53,84,0.32812500,16,35,26,14,34,22,34,47
54,82,0.32031250,15,34,24,13,33,21,33,46
55,80,0.31250000,15,33,23,13,33,21,33,45
56,78,0.30468750,14,32,22,12,32,20,32,44
57,76,0.29687500,14,32,22,12,32,20,32,44
58,74,0.28906250,14,32,22,12,31,20,31,43
59,72,0.28125000,14,32,22,12,31,20,31,43
60,70,0.27343750,14,32,21,12,30,19,30,42
61,68,0.26562500,14,31,20,12,30,19,30,42
62,66,0.25781250,13,29,19,11,29,19,29,41
63,64,0.25000000,13,28,19,11,29,19,29,41
64,62,0.24218750,12,27,18,10,28,18,28,40
65,60,0.23437500,12,27,18,10,28,18,28,40
66,58,0.22656250,12,27,18,10,27,18,27,39
67,57,0.22265625,12,27,18,10,27,18,27,38
68,56,0.21875000,12,27,18,10,26,17,26,37
69,54,0.21093750,12,27,18,10,26,17,26,37
70,52,0.20312500,11,26,17,9,25,17,25,36
71,51,0.19921875,10,24,16,9,25,17,25,35
72,50,0.19531250,9,21,15,8,24,16,24,34
73,49,0.19140625,9,20,15,8,24,16,24,34
74,48,0.18750000,8,19,14,7,23,16,23,33
75,46,0.17968750,8,19,14,7,23,16,23,32
76,44,0.17187500,8,19,14,7,22,15,22,31
77,43,0.16796875,8,19,14,7,22,15,22,31
78,42,0.16406250,8,19,14,7,21,15,21,30
79,41,0.16015625,8,19,14,7,21,15,21,29
80,40,0.15625000,8,19,14,7,20,14,20,28
81,40,0.15625000,8,18,14,7,20,14,20,28
82,40,0.15625000,8,17,14,7,19,13,19,27
83,39,0.15234375,8,17,14,7,19,13,19,27
84,38,0.14843750,8,17,13,6,18,12,18,26
85,37,0.14453125,8,17,12,6,18,12,18,26
86,36,0.14062500,7,15,10,5,17,11,17,25
87,36,0.14062500,7,15,9,5,17,11,17,25
88,36,0.14062500,6,14,8,4,16,10,16,24
89,35,0.13671875,6,14,8,4,16,10,16,24
90,34,0.13281250,6,14,8,4,16,10,15,23
91,34,0.13281250,6,14,8,4,16,10,15,22
92,34,0.13281250,6,14,8,4,15,9,14,21
93,33,0.12890625,6,13,8,4,15,9,14,21
94,32,0.12500000,6,12,8,4,15,9,13,20
95,32,0.12500000,6,12,8,4,15,9,13,19
96,32,0.12500000,6,12,8,4,14,8,12,18
97,32,0.12500000,6,12,8,4,14,8,12,18
98,32,0.12500000,6,12,8,4,14,8,12,17
99,31,0.12109375,6,12,8,4,14,8,12,17
100,30,0.11718750,5,11,7,3,14,8,11,16
101,30,0.11718750,5,10,7,3,14,8,11,16
102,30,0.11718750,4,9,6,3,14,8,11,15
103,30,0.11718750,4,9,6,3,14,8,11,15
104,30,0.11718750,4,9,6,3,14,8,10,14
105,30,0.11718750,4,9,6,3,14,8,10,14
106,30,0.11718750,4,9,6,3,14,8,10,14
107,30,0.11718750,4,9,6,3,14,8,10,14
108,30,0.11718750,4,9,6,3,14,8,10,14
109,30,0.11718750,4,9,6,3,14,8,10,14
110,30,0.11718750,4,9,6,3,14,8,10,14
